family,representation_dim,target_dim,node_index,node,scenario,expected,order_k,gain,noise_sigma,true_mi_nats,target_seed,direction_seed,noise_seed,critic_seed,best_step,final_training_step,best_val_mi,test_mi,test_product_shuffle_sd,heldout_joint_minus_mismatch_score
dim2560_adversarial_relative_retention_suite,2560,1,0,null,common,common,0,0.0,1.0,0.0,20260941,20260942,20260950,11,50,300,-0.00019536539912223816,-0.0002501991887887319,4.351224346863854e-05,-0.00024286285042762756
dim2560_adversarial_relative_retention_suite,2560,1,0,null,common,common,0,0.0,1.0,0.0,20260941,20260942,20260950,23,50,300,-0.0001544356346130371,-0.00014167030652364096,4.374221140422535e-05,1.5795230865478516e-06
dim2560_adversarial_relative_retention_suite,2560,1,0,null,common,common,0,0.0,1.0,0.0,20260941,20260942,20260950,37,25,275,-0.00029721111059188843,-0.0003099118669827779,2.6112246956289494e-05,-1.5527009963989258e-05
dim2560_adversarial_relative_retention_suite,2560,1,1,layer_00_start,common,common,0,0.15,1.0,0.011125304467409862,20260941,20260942,20260951,11,50,300,-4.385411739349365e-05,-0.00018425099551677704,2.3957211862768558e-05,-5.5827200412750244e-05
dim2560_adversarial_relative_retention_suite,2560,1,1,layer_00_start,common,common,0,0.15,1.0,0.011125304467409862,20260941,20260942,20260951,23,50,300,-0.000132828950881958,-4.4514735539754234e-05,2.6545481722427286e-05,5.9157609939575195e-06
dim2560_adversarial_relative_retention_suite,2560,1,1,layer_00_start,common,common,0,0.15,1.0,0.011125304467409862,20260941,20260942,20260951,37,50,300,-0.00011301040649414062,-0.00012039641539255778,3.755368032565141e-05,7.584691047668457e-06
dim2560_adversarial_relative_retention_suite,2560,1,2,layer_01_mid,common,common,0,0.5,1.0,0.11157177565710488,20260941,20260942,20260952,11,50,300,0.0002557113766670227,0.0005223502715428671,8.015104841629562e-05,0.0005596987903118134
dim2560_adversarial_relative_retention_suite,2560,1,2,layer_01_mid,common,common,0,0.5,1.0,0.11157177565710488,20260941,20260942,20260952,23,100,350,0.011263690888881683,0.009141790370146433,0.002510410178079158,0.02530977874994278
dim2560_adversarial_relative_retention_suite,2560,1,2,layer_01_mid,common,common,0,0.5,1.0,0.11157177565710488,20260941,20260942,20260952,37,75,325,0.0034117400646209717,0.0019358545541763306,0.000890036695211442,0.005704328417778015
dim2560_adversarial_relative_retention_suite,2560,1,3,layer_02_peak,common,common,0,1.5,1.0,0.5893274981708231,20260941,20260942,20260953,11,250,500,0.2309310883283615,0.1720845897992452,0.02094937620749017,0.7701242566108704
dim2560_adversarial_relative_retention_suite,2560,1,3,layer_02_peak,common,common,0,1.5,1.0,0.5893274981708231,20260941,20260942,20260953,23,225,475,0.23737198114395142,0.18440528213977814,0.025912207393365038,0.6302841305732727
dim2560_adversarial_relative_retention_suite,2560,1,3,layer_02_peak,common,common,0,1.5,1.0,0.5893274981708231,20260941,20260942,20260953,37,325,575,0.23119688034057617,0.17917841176191965,0.030416507337576882,0.9386471509933472
dim2560_adversarial_relative_retention_suite,2560,1,4,ho_loss_final_k1,ho_loss,negative,1,1.2,1.0,0.44599901965255523,20260941,20260942,20260954,11,225,475,0.11234554648399353,0.1077878971894582,0.016012030017670473,0.4307578504085541
dim2560_adversarial_relative_retention_suite,2560,1,4,ho_loss_final_k1,ho_loss,negative,1,1.2,1.0,0.44599901965255523,20260941,20260942,20260954,23,250,500,0.1198853850364685,0.12828618784745535,0.03064092244349521,0.559191882610321
dim2560_adversarial_relative_retention_suite,2560,1,4,ho_loss_final_k1,ho_loss,negative,1,1.2,1.0,0.44599901965255523,20260941,20260942,20260954,37,150,400,0.12735792994499207,0.12419663369655609,0.011561031550606405,0.24884392321109772
dim2560_adversarial_relative_retention_suite,2560,1,5,ho_loss_final_k2,ho_loss,negative,2,1.0,1.0,0.34657359027997264,20260941,20260942,20260955,11,200,450,0.0677105113863945,0.08410729343692462,0.03473555600683378,0.27862346172332764
dim2560_adversarial_relative_retention_suite,2560,1,5,ho_loss_final_k2,ho_loss,negative,2,1.0,1.0,0.34657359027997264,20260941,20260942,20260955,23,200,450,0.07374712824821472,0.0725983480612437,0.026018567116624737,0.30273863673210144
dim2560_adversarial_relative_retention_suite,2560,1,5,ho_loss_final_k2,ho_loss,negative,2,1.0,1.0,0.34657359027997264,20260941,20260942,20260955,37,150,400,0.05654558539390564,0.07653443515300751,0.017333674800939728,0.180055171251297
dim2560_adversarial_relative_retention_suite,2560,1,6,ho_loss_final_k3,ho_loss,negative,3,0.5,1.0,0.11157177565710488,20260941,20260942,20260956,11,75,325,0.0033134352415800095,0.0013747811317443848,0.0004914556663886379,0.004405973479151726
dim2560_adversarial_relative_retention_suite,2560,1,6,ho_loss_final_k3,ho_loss,negative,3,0.5,1.0,0.11157177565710488,20260941,20260942,20260956,23,100,350,0.005893230438232422,0.009351010123888651,0.003240314641137298,0.029682382941246033
dim2560_adversarial_relative_retention_suite,2560,1,6,ho_loss_final_k3,ho_loss,negative,3,0.5,1.0,0.11157177565710488,20260941,20260942,20260956,37,100,350,0.00578916072845459,-0.003329038619995117,0.0031220511530621027,0.020872369408607483
dim2560_adversarial_relative_retention_suite,2560,1,7,ho_loss_final_k4,ho_loss,negative,4,0.15,1.0,0.011125304467409862,20260941,20260942,20260957,11,50,300,-8.20942223072052e-05,-0.00018129621942838034,6.20098669271495e-05,5.327165126800537e-07
dim2560_adversarial_relative_retention_suite,2560,1,7,ho_loss_final_k4,ho_loss,negative,4,0.15,1.0,0.011125304467409862,20260941,20260942,20260957,23,50,300,-4.9754977226257324e-05,-6.213287512461345e-05,4.034153831791484e-05,-1.8522143363952637e-05
dim2560_adversarial_relative_retention_suite,2560,1,7,ho_loss_final_k4,ho_loss,negative,4,0.15,1.0,0.011125304467409862,20260941,20260942,20260957,37,50,300,-0.00012671947479248047,-5.348026752471924e-05,7.639954629771648e-05,0.00011515617370605469
dim2560_adversarial_relative_retention_suite,2560,1,8,flat_strong_final_k1,flat_strong,flat,1,1.0,1.0,0.34657359027997264,20260941,20260942,20260958,11,175,425,0.08524131774902344,0.06250318388144176,0.0092728896136141,0.2442721575498581
dim2560_adversarial_relative_retention_suite,2560,1,8,flat_strong_final_k1,flat_strong,flat,1,1.0,1.0,0.34657359027997264,20260941,20260942,20260958,23,150,400,0.0710471123456955,0.07875554263591766,0.008134629294822466,0.27138644456863403
dim2560_adversarial_relative_retention_suite,2560,1,8,flat_strong_final_k1,flat_strong,flat,1,1.0,1.0,0.34657359027997264,20260941,20260942,20260958,37,225,475,0.10151641070842743,0.05010010798772176,0.01503167057007367,0.3656478822231293
dim2560_adversarial_relative_retention_suite,2560,1,9,flat_strong_final_k2,flat_strong,flat,2,1.0,1.0,0.34657359027997264,20260941,20260942,20260959,11,225,475,0.08315698895603418,0.0832363348454237,0.017909946450465095,0.33455637097358704
dim2560_adversarial_relative_retention_suite,2560,1,9,flat_strong_final_k2,flat_strong,flat,2,1.0,1.0,0.34657359027997264,20260941,20260942,20260959,23,150,400,0.06326012313365936,0.0871986448764801,0.0041537352636961695,0.2655172646045685
dim2560_adversarial_relative_retention_suite,2560,1,9,flat_strong_final_k2,flat_strong,flat,2,1.0,1.0,0.34657359027997264,20260941,20260942,20260959,37,150,400,0.07660011947154999,0.08436771233876546,0.008711326566064007,0.2324383556842804
dim2560_adversarial_relative_retention_suite,2560,1,10,flat_strong_final_k3,flat_strong,flat,3,1.0,1.0,0.34657359027997264,20260941,20260942,20260960,11,300,550,0.09027133882045746,0.03848788142204285,0.017779674422356895,0.49319323897361755
dim2560_adversarial_relative_retention_suite,2560,1,10,flat_strong_final_k3,flat_strong,flat,3,1.0,1.0,0.34657359027997264,20260941,20260942,20260960,23,150,400,0.06421822309494019,0.06521910429000854,0.015600774662246734,0.25564712285995483
dim2560_adversarial_relative_retention_suite,2560,1,10,flat_strong_final_k3,flat_strong,flat,3,1.0,1.0,0.34657359027997264,20260941,20260942,20260960,37,225,475,0.0894031897187233,0.06102503091096878,0.010029850796670913,0.3503258228302002
dim2560_adversarial_relative_retention_suite,2560,1,11,flat_strong_final_k4,flat_strong,flat,4,1.0,1.0,0.34657359027997264,20260941,20260942,20260961,11,225,475,0.12341068685054779,0.051245937744776406,0.01587827336743588,0.3178471028804779
dim2560_adversarial_relative_retention_suite,2560,1,11,flat_strong_final_k4,flat_strong,flat,4,1.0,1.0,0.34657359027997264,20260941,20260942,20260961,23,225,475,0.09962433576583862,0.08852345744768779,0.016132115041416154,0.35315778851509094
dim2560_adversarial_relative_retention_suite,2560,1,11,flat_strong_final_k4,flat_strong,flat,4,1.0,1.0,0.34657359027997264,20260941,20260942,20260961,37,250,500,0.1243143379688263,0.0689812395721674,0.019267389609387085,0.372650146484375
dim2560_adversarial_relative_retention_suite,2560,1,12,ho_advantage_final_k1,ho_advantage,positive,1,0.15,1.0,0.011125304467409862,20260941,20260942,20260962,11,50,300,-0.00021206308156251907,-0.0003711891671021779,8.860692833697084e-05,-0.00015787314623594284
dim2560_adversarial_relative_retention_suite,2560,1,12,ho_advantage_final_k1,ho_advantage,positive,1,0.15,1.0,0.011125304467409862,20260941,20260942,20260962,23,50,300,-0.0001144707202911377,-5.010763804117838e-05,2.8991041294518526e-05,-2.822279930114746e-05
dim2560_adversarial_relative_retention_suite,2560,1,12,ho_advantage_final_k1,ho_advantage,positive,1,0.15,1.0,0.011125304467409862,20260941,20260942,20260962,37,50,300,-0.0001751929521560669,-9.122490882873535e-05,4.46965424129136e-05,0.0001263543963432312
dim2560_adversarial_relative_retention_suite,2560,1,13,ho_advantage_final_k2,ho_advantage,positive,2,0.5,1.0,0.11157177565710488,20260941,20260942,20260963,11,75,325,0.0013965889811515808,0.002365401014685631,0.0006135481830209572,0.00389212928712368
dim2560_adversarial_relative_retention_suite,2560,1,13,ho_advantage_final_k2,ho_advantage,positive,2,0.5,1.0,0.11157177565710488,20260941,20260942,20260963,23,100,350,0.005248218774795532,0.008116443951924643,0.0028066697601088686,0.014611318707466125
dim2560_adversarial_relative_retention_suite,2560,1,13,ho_advantage_final_k2,ho_advantage,positive,2,0.5,1.0,0.11157177565710488,20260941,20260942,20260963,37,75,325,0.0032153427600860596,0.003690515955289205,0.001232571101655075,0.00718843936920166
dim2560_adversarial_relative_retention_suite,2560,1,14,ho_advantage_final_k3,ho_advantage,positive,3,1.0,1.0,0.34657359027997264,20260941,20260942,20260964,11,225,475,0.09143448621034622,0.05895105501015981,0.022228018527714367,0.3298754096031189
dim2560_adversarial_relative_retention_suite,2560,1,14,ho_advantage_final_k3,ho_advantage,positive,3,1.0,1.0,0.34657359027997264,20260941,20260942,20260964,23,150,400,0.07848873734474182,0.05902153253555298,0.011305238957287325,0.224104642868042
dim2560_adversarial_relative_retention_suite,2560,1,14,ho_advantage_final_k3,ho_advantage,positive,3,1.0,1.0,0.34657359027997264,20260941,20260942,20260964,37,150,400,0.06325116753578186,0.05896806220213572,0.009779268357451335,0.1754343956708908
dim2560_adversarial_relative_retention_suite,2560,1,15,ho_advantage_final_k4,ho_advantage,positive,4,1.2,1.0,0.44599901965255523,20260941,20260942,20260965,11,175,425,0.10682797431945801,0.10178728153308232,0.008505062716544425,0.3271721601486206
dim2560_adversarial_relative_retention_suite,2560,1,15,ho_advantage_final_k4,ho_advantage,positive,4,1.2,1.0,0.44599901965255523,20260941,20260942,20260965,23,225,475,0.11420291662216187,0.1380149026711782,0.024194609266047887,0.48433199524879456
dim2560_adversarial_relative_retention_suite,2560,1,15,ho_advantage_final_k4,ho_advantage,positive,4,1.2,1.0,0.44599901965255523,20260941,20260942,20260965,37,200,450,0.10537119209766388,0.13219314316908518,0.01679291682857173,0.3666068911552429
dim2560_adversarial_relative_retention_suite,2560,1,16,flat_moderate_final_k1,flat_moderate,flat,1,0.5,1.0,0.11157177565710488,20260941,20260942,20260966,11,75,325,0.003113286569714546,0.002790297381579876,0.00035814354064158066,0.004931681789457798
dim2560_adversarial_relative_retention_suite,2560,1,16,flat_moderate_final_k1,flat_moderate,flat,1,0.5,1.0,0.11157177565710488,20260941,20260942,20260966,23,100,350,0.0076780617237091064,0.007973700761795044,0.0014660388930785259,0.02111084759235382
dim2560_adversarial_relative_retention_suite,2560,1,16,flat_moderate_final_k1,flat_moderate,flat,1,0.5,1.0,0.11157177565710488,20260941,20260942,20260966,37,75,325,0.004208922386169434,0.004582643508911133,0.000409908845784352,0.006523348391056061
dim2560_adversarial_relative_retention_suite,2560,1,17,flat_moderate_final_k2,flat_moderate,flat,2,0.5,1.0,0.11157177565710488,20260941,20260942,20260967,11,100,350,0.006831723963841796,0.0015433637502913673,0.006348820299497293,0.02566291019320488
dim2560_adversarial_relative_retention_suite,2560,1,17,flat_moderate_final_k2,flat_moderate,flat,2,0.5,1.0,0.11157177565710488,20260941,20260942,20260967,23,75,325,0.0015578046441078186,0.0017097493012746174,0.0003221176083036256,0.003058120608329773
dim2560_adversarial_relative_retention_suite,2560,1,17,flat_moderate_final_k2,flat_moderate,flat,2,0.5,1.0,0.11157177565710488,20260941,20260942,20260967,37,75,325,0.003356143832206726,0.0032827183604240417,0.0005787957248551882,0.005368240177631378
dim2560_adversarial_relative_retention_suite,2560,1,18,flat_moderate_final_k3,flat_moderate,flat,3,0.5,1.0,0.11157177565710488,20260941,20260942,20260968,11,75,325,0.0019981632358394563,0.0031840543185050287,0.000559152357894658,0.0036832138430327177
dim2560_adversarial_relative_retention_suite,2560,1,18,flat_moderate_final_k3,flat_moderate,flat,3,0.5,1.0,0.11157177565710488,20260941,20260942,20260968,23,75,325,0.0013832002878189087,0.0015976230303446453,0.00039447199108009416,0.0023070871829986572
dim2560_adversarial_relative_retention_suite,2560,1,18,flat_moderate_final_k3,flat_moderate,flat,3,0.5,1.0,0.11157177565710488,20260941,20260942,20260968,37,75,325,0.0026482343673706055,0.003530030449231466,0.00042124172276459735,0.003669425845146179
dim2560_adversarial_relative_retention_suite,2560,1,19,flat_moderate_final_k4,flat_moderate,flat,4,0.5,1.0,0.11157177565710488,20260941,20260942,20260969,11,75,325,0.0010778019204735756,0.003573823099335035,0.0006654505664677733,0.009765362367033958
dim2560_adversarial_relative_retention_suite,2560,1,19,flat_moderate_final_k4,flat_moderate,flat,4,0.5,1.0,0.11157177565710488,20260941,20260942,20260969,23,75,325,0.0018750354647636414,0.0030894031127293906,0.0005139642064599852,0.005840778350830078
dim2560_adversarial_relative_retention_suite,2560,1,19,flat_moderate_final_k4,flat_moderate,flat,4,0.5,1.0,0.11157177565710488,20260941,20260942,20260969,37,75,325,0.002108752727508545,0.0036552846431732178,0.0005173647824765863,0.007237240672111511
