layer,order_k,subset_mask,score_mean,critic_seed_sd,n_critic_seeds
0,1,1,0.20087480545043945,0.013902930830366466,3
0,1,2,0.827340152528551,0.009239251662776973,3
0,2,3,-4.0026174651251904e-07,3.3950442061651503e-07,3
0,1,4,0.03846189710828993,0.0013086549031066008,3
0,2,5,-4.0605664253234863e-07,1.369265910199963e-07,3
0,2,6,-3.427267074584961e-07,3.61572854422597e-07,3
0,3,7,-4.2965014775594074e-07,1.120893567442572e-07,3
0,1,8,0.3542954723040263,0.005829146315116373,3
0,2,9,-4.867712656656901e-07,2.704194702469548e-07,3
0,2,10,-3.650784492492676e-07,3.146051217722507e-07,3
0,3,11,-3.534886572096082e-07,3.071584956320319e-07,3
0,2,12,-3.659062915378147e-07,2.1003551480722732e-07,3
0,3,13,-3.178914388020833e-07,1.5129143407462073e-07,3
0,3,14,-3.9198332362704804e-07,2.3673865139809375e-07,3
0,4,15,-2.2765662935045042e-08,2.2871493648002744e-07,3
1,1,1,0.8476760784784952,0.014587195666771625,3
1,1,2,1.2703541384802923,0.05018091242918029,3
1,2,3,0.5584629111819798,0.1426672206879656,3
1,1,4,0.6916020148330265,0.1826275652445121,3
1,2,5,0.604469100634257,0.05682484341125317,3
1,2,6,0.8910950579577023,0.088118910234228,3
1,3,7,0.6808525853686862,0.07478994142339741,3
1,1,8,1.0066892272896235,0.06297889788438732,3
1,2,9,0.713191654947069,0.046859952845138435,3
1,2,10,0.8003143734402127,0.004678653285425884,3
1,3,11,0.22960677080684241,0.19627310985356608,3
1,2,12,0.7557704150676727,0.08239409519752025,3
1,3,13,0.6967055085632538,0.06701116173379823,3
1,3,14,0.9169802218675613,0.09916068147015498,3
1,4,15,0.5155552277962366,0.0990316232695516,3
2,1,1,0.7403548161188761,0.02702897042433744,3
2,1,2,1.1394368012746174,0.11248900369752028,3
2,2,3,0.5673636611964968,0.10526902893737795,3
2,1,4,0.6203373604350619,0.9031625236782971,3
2,2,5,0.6717420319716135,0.06468660833913766,3
2,2,6,0.9248380528555976,0.02876614976698786,3
2,3,7,0.7291866325669818,0.07725783990836838,3
2,1,8,1.0011149644851685,0.05427535481785488,3
2,2,9,0.7835819406641854,0.021559310809946473,3
2,2,10,0.8803793829348353,0.06387979193257722,3
2,3,11,-0.21813385354148018,1.132658193947596,3
2,2,12,0.876539389292399,0.0476205634845353,3
2,3,13,0.7139314346843296,0.1053985571230073,3
2,3,14,0.9215375185012817,0.0471417075169236,3
2,4,15,0.3489822662538953,0.41525737278401653,3
3,1,1,0.833581911193,0.09079033492966647,3
3,1,2,1.2176063987943861,0.0662571214476808,3
3,2,3,0.538751482963562,0.14605561744651174,3
3,1,4,0.972062862581677,0.20251454245111086,3
3,2,5,0.7331050435702006,0.01752593079651038,3
3,2,6,1.0292388796806335,0.0531723865478827,3
3,3,7,0.5245505124330521,0.1052779623514783,3
3,1,8,0.9312787055969238,0.0019539620024418996,3
3,2,9,0.8129080517424478,0.015190406414337016,3
3,2,10,0.9477554460366567,0.09310326107207308,3
3,3,11,-0.07274203830295141,0.2395688338347729,3
3,2,12,0.9573352171315087,0.08756128887305328,3
3,3,13,0.6897149185339609,0.008217703393139916,3
3,3,14,1.0520431780152852,0.018137056658273275,3
3,4,15,0.5356372594833374,0.1073701969143731,3
4,1,1,0.8692195812861124,0.01694755157166558,3
4,1,2,1.1632653408580358,0.0516853114738213,3
4,2,3,0.46723873251014286,0.21103489511969425,3
4,1,4,0.99417644739151,0.08847488921760101,3
4,2,5,0.6275346030791601,0.030315661211656464,3
4,2,6,0.9546444267034531,0.02642825979993199,3
4,3,7,0.45652617348565,0.12407582255566117,3
4,1,8,1.0923104915353987,0.029115485430847785,3
4,2,9,0.7596390148003896,0.10028432985733521,3
4,2,10,0.9797302269273335,0.11487936357062711,3
4,3,11,0.00783020071685315,0.3096115894251453,3
4,2,12,0.9912700851758321,0.027715595719028725,3
4,3,13,0.6550335884094238,0.09095819042267622,3
4,3,14,1.0094363623195224,0.04616088461239937,3
4,4,15,0.6065619265039762,0.011241271760348217,3
5,1,1,0.8119742704762354,0.07452743777266699,3
5,1,2,1.1902831329239738,0.08173234831840606,3
5,2,3,0.5177545183234744,0.32250882380970014,3
5,1,4,0.7601461675431992,0.5070086566763844,3
5,2,5,0.660287426577674,0.025200881207142683,3
5,2,6,0.9272729108730952,0.02847984161066944,3
5,3,7,0.4929987357722389,0.22788527050175442,3
5,1,8,1.0669843488269384,0.07914480155316693,3
5,2,9,0.7932009961869982,0.10223920086551094,3
5,2,10,0.9787821620702742,0.10544824438719837,3
5,3,11,0.2573399775558048,0.2403093065033204,3
5,2,12,0.9681053227848477,0.1301616423242282,3
5,3,13,0.6922661314407984,0.041408399980820854,3
5,3,14,0.9882876641220517,0.08365743533639274,3
5,4,15,0.41503554913732743,0.1966661180672904,3
6,1,1,0.8351368241839938,0.05931868812475763,3
6,1,2,1.1509938571188185,0.04183937802497584,3
6,2,3,0.6132626036802927,0.1588492230940028,3
6,1,4,0.9673544102244906,0.03301991884356076,3
6,2,5,0.6997509731186761,0.020312536937320616,3
6,2,6,0.9828837149673039,0.05824265452543417,3
6,3,7,0.6125168336762322,0.05751824518428433,3
6,1,8,1.1071471373240154,0.06252523514904149,3
6,2,9,0.845111714469062,0.02059320213926701,3
6,2,10,1.0692303892638948,0.03584554330468204,3
6,3,11,0.4506458557314343,0.08445199028273877,3
6,2,12,1.0497849550512102,0.06434455940331146,3
6,3,13,0.7041686326265335,0.09029688344852127,3
6,3,14,1.067938044667244,0.026603536328933083,3
6,4,15,0.6004091285996966,0.012633991577540781,3
7,1,1,0.8859458234575058,0.09479979615133619,3
7,1,2,1.2349963982899983,0.035825455585302576,3
7,2,3,0.6010096437401242,0.3266171314126745,3
7,1,4,0.9994308683607313,0.1289656698967141,3
7,2,5,0.7022172692749235,0.07912454830453346,3
7,2,6,1.0230243868298,0.02034363528458679,3
7,3,7,0.39235929482513004,0.21810823150864703,3
7,1,8,1.07590565416548,0.033063837075842754,3
7,2,9,0.8344090531269709,0.060787458609055024,3
7,2,10,0.977606667412652,0.15914575761978647,3
7,3,11,0.16299148897329965,0.33676161707848923,3
7,2,12,1.0211787621180217,0.06773003053555599,3
7,3,13,0.6934193968772888,0.05904944830816516,3
7,3,14,1.0273558232519362,0.05432498258826064,3
7,4,15,0.59098781645298,0.03316112606645077,3
8,1,1,0.8121200137668185,0.12607752288190677,3
8,1,2,1.2255802717473772,0.04881288652692159,3
8,2,3,0.369423046708107,0.17714844437198102,3
8,1,4,0.6099352207448748,0.7205310190225362,3
8,2,5,0.755444809794426,0.05228617809477219,3
8,2,6,1.0628840277592342,0.052193224652470345,3
8,3,7,0.6130154811673695,0.15505078294200586,3
8,1,8,1.0899686680899725,0.015328794803608041,3
8,2,9,0.8604700830247668,0.0685810979515218,3
8,2,10,0.9558789680401484,0.17263853092864873,3
8,3,11,0.309485734336906,0.24306420768046968,3
8,2,12,1.0151521861553192,0.03435743220117704,3
8,3,13,0.7169027775526047,0.04358390363580412,3
8,3,14,0.9561985871858067,0.07272724686483253,3
8,4,15,0.4679595347907808,0.29850363446867423,3
9,1,1,0.7805253929562038,0.08579000547716353,3
9,1,2,1.223576002650791,0.04280640024622929,3
9,2,3,0.5481607053014966,0.44069907251159257,3
9,1,4,1.0314592454168532,0.12715596092104514,3
9,2,5,0.6936221023400625,0.10112650605486738,3
9,2,6,1.0434425738122728,0.00999838543206246,3
9,3,7,0.6858340029915174,0.012781093739305428,3
9,1,8,1.1277644104427764,0.011741125228769356,3
9,2,9,0.8450714217291937,0.0838086635679507,3
9,2,10,1.02591420047813,0.1427716274736911,3
9,3,11,0.4804198675685459,0.2779986567740708,3
9,2,12,1.0352846516503227,0.11072461445011127,3
9,3,13,0.6745034000939792,0.11664247858103012,3
9,3,14,1.0547240260574553,0.07526994978553687,3
9,4,15,0.3227751900752385,0.06160952257706264,3
10,1,1,0.8543324735429553,0.06354677697260379,3
10,1,2,1.1548993123902216,0.08242301742399762,3
10,2,3,0.8028234408961402,0.06220084434211448,3
10,1,4,0.9035091333919101,0.23451310236340808,3
10,2,5,0.7990622123082479,0.023978593554482466,3
10,2,6,1.1008366213904486,0.062369225450954635,3
10,3,7,0.515128481719229,0.374964134393565,3
10,1,8,1.078455302450392,0.10721116157978003,3
10,2,9,0.7727044423421224,0.011361922958322262,3
10,2,10,1.0343196905321543,0.08695813356793901,3
10,3,11,-0.1882684388094478,0.8574896640045383,3
10,2,12,1.0577230122354295,0.061676137825630584,3
10,3,13,0.7802956451972326,0.04929308051746447,3
10,3,14,1.0403108596801758,0.027553763882109495,3
10,4,15,0.4883086846934425,0.07690550517917565,3
11,1,1,0.8323245180977715,0.03757950140851683,3
11,1,2,1.3004413445790608,0.03092482997206288,3
11,2,3,0.705001425411966,0.18535090319956615,3
11,1,4,1.0266517930560641,0.07433917328067872,3
11,2,5,0.7960567557149463,0.02603707394479057,3
11,2,6,1.0301614784532123,0.08303814058840267,3
11,3,7,0.5146549211608039,0.33011083844939165,3
11,1,8,1.1688688331180146,0.04108047211846758,3
11,2,9,0.8638031085332235,0.06760172633646049,3
11,2,10,1.1025610102547538,0.11603579382177158,3
11,3,11,0.29623831311861676,0.09629081089555008,3
11,2,12,1.0359694825278387,0.08922689496514077,3
11,3,13,0.779621837867631,0.042548966498087745,3
11,3,14,1.0501342184013789,0.030935087388593102,3
11,4,15,0.3576458940903346,0.12693024731802963,3
12,1,1,0.8231228987375895,0.10210332284603307,3
12,1,2,1.190810951921675,0.05153643547099112,3
12,2,3,0.5846298502551185,0.3969205493127826,3
12,1,4,1.1114951173464458,0.07736157515451,3
12,2,5,0.7723315805196762,0.06445663333498329,3
12,2,6,1.0300302985641692,0.03304722441573986,3
12,3,7,0.7120616071754031,0.0642467885194726,3
12,1,8,1.1164636744393241,0.08365936119132499,3
12,2,9,0.8338004334105387,0.023871453345703213,3
12,2,10,1.028457502524058,0.14094396199634135,3
12,3,11,-0.44616413778728914,1.2539898206156261,3
12,2,12,1.0863933165868123,0.04428482462318771,3
12,3,13,0.7048660135931439,0.04861710428854299,3
12,3,14,0.9950401493244702,0.0745051087145312,3
12,4,15,0.3667415115568373,0.1285083607511997,3
13,1,1,0.8378270864486694,0.11799015959541657,3
13,1,2,1.213969452513589,0.08004270697155623,3
13,2,3,0.5420938862694634,0.3493521011984911,3
13,1,4,1.0631861289342244,0.1029340579333605,3
13,2,5,0.7470375266340042,0.06391205727696943,3
13,2,6,1.0577173249589071,0.05416609925451056,3
13,3,7,0.46445239583651227,0.2917398384608203,3
13,1,8,1.1488254467646282,0.05594630417114469,3
13,2,9,0.843596167034573,0.021109571403707197,3
13,2,10,0.9964009258482193,0.12663706181539092,3
13,3,11,0.012131063474549175,0.7879119301159915,3
13,2,12,0.9992265502611796,0.06347814720043178,3
13,3,13,0.7586760156684451,0.02138911326559775,3
13,3,14,0.9851591322157119,0.06077201276577536,3
13,4,15,0.4734794348478317,0.1863092075092861,3
14,1,1,0.8960692882537842,0.06358789520740216,3
14,1,2,1.192981517977185,0.010385959241761977,3
14,2,3,0.7853011389573415,0.025752277432331924,3
14,1,4,1.0260160863399506,0.15102391721684613,3
14,2,5,0.8034886883364782,0.07191586308564231,3
14,2,6,1.0137196431557338,0.05522610872804285,3
14,3,7,0.6496545655859841,0.13643312949791686,3
14,1,8,1.0939321617285411,0.03924972036999656,3
14,2,9,0.8246663527356253,0.03346221212211077,3
14,2,10,1.0247679319646623,0.11405975490738036,3
14,3,11,0.24870961573388842,0.32763432990152935,3
14,2,12,0.965924600760142,0.08182535757327102,3
14,3,13,0.6811430056889852,0.03974251709997028,3
14,3,14,1.0631008264091282,0.02087865070463527,3
14,4,15,0.4570774800247616,0.16279843860384371,3
15,1,1,0.8143944872750176,0.07527819824162572,3
15,1,2,1.2390694618225098,0.08067050641422152,3
15,2,3,0.8311681648095449,0.032378842063260915,3
15,1,4,0.978488028049469,0.11182362077304621,3
15,2,5,0.782723531126976,0.13801055579030422,3
15,2,6,1.0631712956560984,0.050438512993677624,3
15,3,7,0.576072269015842,0.07958581242248043,3
15,1,8,1.0641444391674464,0.0916355754979776,3
15,2,9,0.8439468940099081,0.03267714154800086,3
15,2,10,1.0025689502557118,0.10486773278609245,3
15,3,11,0.1418252752886878,0.2772752985717582,3
15,2,12,1.0237386292881436,0.04053145587028551,3
15,3,13,0.7450605630874634,0.011297183891056214,3
15,3,14,0.9749478151400884,0.07177664313242231,3
15,4,15,0.39990099933412343,0.15368014118746753,3
16,1,1,0.836998873286777,0.04926187266213645,3
16,1,2,1.1285585363705952,0.04939492422950704,3
16,2,3,0.43056041664547395,0.5136760780140102,3
16,1,4,0.6535142395231458,0.4119304010083792,3
16,2,5,0.7461722758081225,0.03814593940102727,3
16,2,6,1.0760717391967773,0.040185258481021564,3
16,3,7,0.5361293363902304,0.06729118049522831,3
16,1,8,1.0751313103569877,0.052541129155095935,3
16,2,9,0.8541083335876465,0.05396669696293499,3
16,2,10,1.0891340755754049,0.029795806523061113,3
16,3,11,-0.006756704714563161,0.501897067040374,3
16,2,12,0.9957444667816162,0.06413557535495808,3
16,3,13,0.7019844353199005,0.12930290338440292,3
16,3,14,1.066232310401069,0.04410633501976222,3
16,4,15,0.6271381311946445,0.03328971129117326,3
17,1,1,0.8272795114252302,0.06933589725953071,3
17,1,2,1.1994912326335907,0.024156426670760185,3
17,2,3,0.46470719907018876,0.2649863518638904,3
17,1,4,0.9729611145125494,0.11798883070058039,3
17,2,5,0.6905565477079816,0.028688568892770546,3
17,2,6,1.0426115848951871,0.04039409219443525,3
17,3,7,0.5140634112887913,0.0810078227540046,3
17,1,8,1.070245431529151,0.10088389217969143,3
17,2,9,0.867125365469191,0.07887353078778095,3
17,2,10,0.9864790754185782,0.09790684849689953,3
17,3,11,0.3956101081437535,0.12163310081535399,3
17,2,12,0.9738242162598504,0.08748283297132595,3
17,3,13,0.6558066457509995,0.054768625077559016,3
17,3,14,0.985386312007904,0.020128464172811278,3
17,4,15,0.5773110654619006,0.15245681773987027,3
18,1,1,0.8332358598709106,0.040255458841313665,3
18,1,2,1.2316118081410725,0.05900924370675791,3
18,2,3,0.6475738849904803,0.1541191808757957,3
18,1,4,0.7949777874681684,0.5121082710673861,3
18,2,5,0.7256823148992327,0.062448044108236574,3
18,2,6,1.0320852084292307,0.010095328356341868,3
18,3,7,0.5915667249096765,0.03543341330299757,3
18,1,8,1.0911814504199555,0.03497113413780296,3
18,2,9,0.8204654968447156,0.03508752811049013,3
18,2,10,1.0013662758800719,0.09556048688047752,3
18,3,11,0.1387344975438383,0.6645375166783126,3
18,2,12,0.9584746923711566,0.09506557703353764,3
18,3,13,0.7347929841942258,0.02664826074949598,3
18,3,14,0.9776223020421134,0.0890759026374854,3
18,4,15,0.6248729065474535,0.06769601471721773,3
19,1,1,0.7426531977123685,0.08609648497479273,3
19,1,2,1.2115841143661077,0.04864240194911751,3
19,2,3,0.7015367464886771,0.0669561854053243,3
19,1,4,0.7856054471598731,0.46510009989200196,3
19,2,5,0.7462848689821032,0.01390594209992413,3
19,2,6,0.9769124769502217,0.03126190886394015,3
19,3,7,0.556529023581081,0.06910294136937135,3
19,1,8,1.0603550010257297,0.00940750384628721,3
19,2,9,0.7758501420418421,0.06377859117150085,3
19,2,10,1.0730809933609435,0.06787614900673004,3
19,3,11,0.2584483126799266,0.07031062460190042,3
19,2,12,1.0030237701204088,0.07024500949408741,3
19,3,13,0.7145874632729424,0.04341263843818895,3
19,3,14,0.973253200451533,0.050074670093889107,3
19,4,15,0.5311216745111677,0.1925553997134614,3
20,1,1,0.7690142293771108,0.013108767203525369,3
20,1,2,1.2423141565587785,0.03559026470465498,3
20,2,3,0.775460961792204,0.049583666376845435,3
20,1,4,0.8848700722058614,0.3737552917440966,3
20,2,5,0.7008017119434143,0.0436161032510608,3
20,2,6,0.9956636776526769,0.03918865008057201,3
20,3,7,0.39645874748627347,0.45980733515786504,3
20,1,8,1.1241075893243153,0.05952567929213027,3
20,2,9,0.8407478084166845,0.07394400148278851,3
20,2,10,1.0361208534902997,0.10786192488903305,3
20,3,11,0.44662666486369246,0.2624232005635301,3
20,2,12,0.973600986931059,0.09423224036764727,3
20,3,13,0.7339069810178546,0.04532558306270038,3
20,3,14,1.0003309829367533,0.057507068551487885,3
20,4,15,0.5317387481530508,0.11418142460533766,3
21,1,1,0.7474539544847277,0.05113269866812973,3
21,1,2,1.2356016834576924,0.05988203108062211,3
21,2,3,0.7257364342610041,0.029009392826675324,3
21,1,4,0.8068382243315378,0.42694010299103596,3
21,2,5,0.6904081106185913,0.0402461561066635,3
21,2,6,0.9995506008466085,0.01703519507516766,3
21,3,7,0.5193047689066993,0.30271504626288354,3
21,1,8,1.0980105797449748,0.05052227068208626,3
21,2,9,0.8494792365365558,0.018662534945982353,3
21,2,10,0.863402063647906,0.1130905799080164,3
21,3,11,0.5248359408643511,0.006942429117027903,3
21,2,12,1.0023925801118214,0.05888728288594606,3
21,3,13,0.6963970197571648,0.018773964533531216,3
21,3,14,1.0148720857169893,0.03821531529487254,3
21,4,15,0.5349317921532525,0.2167098622818072,3
22,1,1,0.7950728171401554,0.1108337094986879,3
22,1,2,1.2051080067952473,0.10515523419357789,3
22,2,3,0.7060243934392929,0.06870439883672036,3
22,1,4,0.9961645834975772,0.12324122454153416,3
22,2,5,0.6812718941105738,0.028840691657807727,3
22,2,6,1.0229551924599543,0.03429499168909584,3
22,3,7,0.5563238660494486,0.15606825898488658,3
22,1,8,1.0845776266521876,0.11515429204146344,3
22,2,9,0.8011519213517507,0.03797728640694047,3
22,2,10,1.0483010096682444,0.044225426803444684,3
22,3,11,0.48155319359567433,0.15715982860148867,3
22,2,12,0.9343267314963871,0.09345835116288537,3
22,3,13,0.7376243323087692,0.0840595197587889,3
22,3,14,1.0172254178259108,0.032219641944013507,3
22,4,15,0.4884904358122084,0.11357624902565201,3
23,1,1,0.8368395434485542,0.0310738020331871,3
23,1,2,1.2227299643887413,0.036828130391796166,3
23,2,3,0.5811301304234399,0.3279771801476789,3
23,1,4,1.0460331737995148,0.08870382449423188,3
23,2,5,0.689793007241355,0.01748359999805478,3
23,2,6,0.9931981902983454,0.09630980688678528,3
23,3,7,0.5493651578823726,0.07206534086123163,3
23,1,8,1.1242582930458918,0.011773588436984858,3
23,2,9,0.8445962137646145,0.06996268599460972,3
23,2,10,1.050788735349973,0.04322985894768275,3
23,3,11,0.506066072318289,0.05632740445922881,3
23,2,12,0.9525596598784128,0.035638395518318676,3
23,3,13,0.7137946850723691,0.05519444055843383,3
23,3,14,0.9831774599022335,0.042845520838775616,3
23,4,15,0.5645020140541924,0.07908542181060911,3
24,1,1,0.797911180390252,0.02518802685886892,3
24,1,2,1.1605295936266582,0.0824351685360651,3
24,2,3,0.6502175513241025,0.10669469547109321,3
24,1,4,0.929474284251531,0.15596796627349183,3
24,2,5,0.7011805060837003,0.05170564088596285,3
24,2,6,0.9904679490460291,0.05104923591838476,3
24,3,7,0.6202800323565801,0.05215502315687085,3
24,1,8,1.0731455352571275,0.08393655124033166,3
24,2,9,0.8765163388517166,0.031093384327398426,3
24,2,10,0.9901743150419658,0.11460725554087632,3
24,3,11,0.48551111916701,0.06331903701408494,3
24,2,12,0.9448768662081823,0.0820186516585839,3
24,3,13,0.721054239405526,0.09765566631856934,3
24,3,14,1.0192426525884204,0.03145527625066726,3
24,4,15,0.5335516499148475,0.08116055481911665,3
25,1,1,0.8473376565509372,0.08511949479077571,3
25,1,2,1.261499630080329,0.02130625137970375,3
25,2,3,0.7640985283586713,0.053595043066116704,3
25,1,4,0.9580699370967017,0.20682198486029532,3
25,2,5,0.7555459092060725,0.06180019749195684,3
25,2,6,0.9964670447839631,0.037998663332233784,3
25,3,7,0.6511822698844804,0.07790883232916042,3
25,1,8,1.1040000915527344,0.04924590363978886,3
25,2,9,0.8696435838937759,0.011667747481619313,3
25,2,10,1.0243181784947712,0.029185349013895828,3
25,3,11,0.5562331957949532,0.07958860389435915,3
25,2,12,0.97213167614407,0.057462541170963305,3
25,3,13,0.7196800311406454,0.12277464541745547,3
25,3,14,0.9912428143951627,0.025442696966387308,3
25,4,15,0.505045524901814,0.15038314736814518,3
26,1,1,0.7992162075307635,0.14390031949607265,3
26,1,2,1.188465995921029,0.0887579500290473,3
26,2,3,0.7656293875641292,0.052181442052080994,3
26,1,4,0.8017872936195798,0.3411365113147275,3
26,2,5,0.6870541150371233,0.07951491101666423,3
26,2,6,0.975067910220888,0.022442673633790877,3
26,3,7,0.3817904310093985,0.37643139245765056,3
26,1,8,1.1042304767502678,0.04329942195027593,3
26,2,9,0.8847406572765775,0.05549292188731383,3
26,2,10,1.0525479796859953,0.043806211561616015,3
26,3,11,0.4946949548191495,0.1814841195929251,3
26,2,12,1.0248491399817998,0.04604921145788063,3
26,3,13,0.7570140444570117,0.04791476962282618,3
26,3,14,1.0116942243443596,0.06674617531225695,3
26,4,15,0.6851270347833633,0.03805728393919695,3
27,1,1,0.7538958026303185,0.12433459878874456,3
27,1,2,1.1860865255196889,0.03517324516098388,3
27,2,3,0.6994072314765717,0.08719192075902846,3
27,1,4,0.7016586098406051,0.2230252465199287,3
27,2,5,0.703711191813151,0.09275841516266477,3
27,2,6,1.0549092921945784,0.06674281362114758,3
27,3,7,0.5437393188476562,0.05742136665111341,3
27,1,8,1.1458816826343536,0.1151773403813305,3
27,2,9,0.9321842077705597,0.029426668407432757,3
27,2,10,1.005334206753307,0.14632363983825838,3
27,3,11,0.6060112300846313,0.07588115497538561,3
27,2,12,1.0225223004817963,0.02794565601872183,3
27,3,13,0.7627241859833399,0.06802588706346778,3
27,3,14,0.905948128965166,0.10489575865010073,3
27,4,15,0.5526238456368446,0.24452463111926473,3
28,1,1,0.7640947335296208,0.05143694765795231,3
28,1,2,1.158087776766883,0.11138829815117109,3
28,2,3,0.882572376065784,0.02194341207516303,3
28,1,4,1.0045365889867146,0.11266788271477081,3
28,2,5,0.7594028363625208,0.03484802299213106,3
28,2,6,0.9820381088389292,0.1621093396623635,3
28,3,7,0.22238315641880038,0.6501678055108251,3
28,1,8,1.1235701375537448,0.17098994992269648,3
28,2,9,0.8765273491541544,0.04356322923562456,3
28,2,10,1.0156108091274898,0.032224687600397824,3
28,3,11,0.4273419181505839,0.10124322816544445,3
28,2,12,1.0970288978682625,0.01990085125027165,3
28,3,13,0.7224165697892507,0.05422181530586253,3
28,3,14,0.9036960278948148,0.05209747497400126,3
28,4,15,0.356867018673155,0.17782242362138517,3
29,1,1,0.8474405705928802,0.052086090344441255,3
29,1,2,1.2771029869715373,0.03775997270489282,3
29,2,3,0.8529210885365804,0.07021283981204351,3
29,1,4,0.948224084244834,0.09557567535482188,3
29,2,5,0.725553967886501,0.05145412675595921,3
29,2,6,1.0766859062843854,0.019035303094949253,3
29,3,7,0.5347910564806727,0.11408741027903017,3
29,1,8,1.1859483487076232,0.053441528516707956,3
29,2,9,0.8965326564179527,0.014605359302661021,3
29,2,10,1.1022123131487105,0.03880877636427103,3
29,3,11,0.21455669403076172,0.17812164019770071,3
29,2,12,1.018024113443163,0.016821240513325224,3
29,3,13,0.7295166667964722,0.07119951204214856,3
29,3,14,1.0025367538134258,0.02231462188910915,3
29,4,15,0.6367493437396156,0.05538091744506553,3
30,1,1,0.8343914084964328,0.04056746679308447,3
30,1,2,1.2152944339646234,0.0850774474911281,3
30,2,3,0.7843052744865417,0.1197625940341905,3
30,1,4,1.0128471420870888,0.19561455921026638,3
30,2,5,0.7726911935541364,0.03709105884157451,3
30,2,6,1.0374186850256388,0.060110851856103154,3
30,3,7,0.5451122257444593,0.032712367119867344,3
30,1,8,1.166631751590305,0.04994610592821448,3
30,2,9,0.9173526366551717,0.0638136747927479,3
30,2,10,1.0739131851328745,0.04114349459788662,3
30,3,11,0.4133582429753409,0.08380830322062192,3
30,2,12,1.0759192009766896,0.04072383729783775,3
30,3,13,0.8107082959678437,0.018113416258956568,3
30,3,14,1.0280548714929156,0.03325686346511537,3
30,4,15,0.46530854867564314,0.16052826261034547,3
