order_k,subset_mask,peak_layer,peak_score,final_layer,final_score,tau_q99_abs_fixed_subset_null,retention_eligible,final_near_floor,retain_s
1,1,14,0.8960692882537842,30,0.8343914084964328,0.006777383486429849,True,False,0.9311684034193983
1,2,11,1.3004413445790608,30,1.2152944339646234,0.006777383486429849,True,False,0.9345246050739808
2,3,28,0.882572376065784,30,0.7843052744865417,0.006777383486429849,True,False,0.8886583080956096
1,4,12,1.1114951173464458,30,1.0128471420870888,0.006777383486429849,True,False,0.9112474956301504
2,5,14,0.8034886883364782,30,0.7726911935541364,0.006777383486429849,True,False,0.961670282071918
2,6,10,1.1008366213904486,30,1.0374186850256388,0.006777383486429849,True,False,0.9423911458498649
3,7,2,0.7291866325669818,30,0.5451122257444593,0.006777383486429849,True,False,0.7475620114228935
1,8,29,1.1859483487076232,30,1.166631751590305,0.006777383486429849,True,False,0.9837121092681917
2,9,27,0.9321842077705597,30,0.9173526366551717,0.006777383486429849,True,False,0.9840894417736816
2,10,11,1.1025610102547538,30,1.0739131851328745,0.006777383486429849,True,False,0.9740170159697012
3,11,27,0.6060112300846313,30,0.4133582429753409,0.006777383486429849,True,False,0.6820966715709446
2,12,28,1.0970288978682625,30,1.0759192009766896,0.006777383486429849,True,False,0.9807573921410884
3,13,30,0.8107082959678437,30,0.8107082959678437,0.006777383486429849,True,False,1.0
3,14,6,1.067938044667244,30,1.0280548714929156,0.006777383486429849,True,False,0.9626540384308947
4,15,26,0.6851270347833633,30,0.46530854867564314,0.006777383486429849,True,False,0.6791566016990898
