family,layer,order_k,critic_seed,representation_dim,target_dim,n_samples,n_train,n_val,n_test,subset_masks,null_cube_shift,best_step,final_training_step,best_val_mi,test_mi,test_product_shuffle_sd,heldout_joint_minus_mismatch_score
null_control,0,1,11,2560,1,32840,29408,980,2452,1;2;4;8,1,500,750,0.4403465688228607,0.5659095843633016,0.05103329311294437,1.094833493232727
null_control,0,1,23,2560,1,32840,29408,980,2452,1;2;4;8,1,675,925,0.5535599589347839,0.4792694052060445,0.24457542285942271,2.3677361011505127
null_control,0,1,37,2560,1,32840,29408,980,2452,1;2;4;8,1,500,750,0.41230064630508423,0.3936946590741475,0.11175201978993123,1.5449554920196533
primary,0,1,11,2560,1,32840,29408,980,2452,1;2;4;8,0,850,1000,0.6778392195701599,0.4357374807198842,0.03483370268562898,1.9585597515106201
primary,0,1,23,2560,1,32840,29408,980,2452,1;2;4;8,0,425,675,0.7113881707191467,0.7870091398557028,0.08136591654737904,1.6301355361938477
primary,0,1,37,2560,1,32840,29408,980,2452,1;2;4;8,0,1000,1000,0.7419918775558472,0.6081219911575317,0.21642020288180414,3.238769769668579
null_control,0,2,11,2560,1,49260,44112,1470,3678,3;5;6;9;10;12,1,25,275,2.9616057872772217e-07,-8.158385753631592e-07,0.0,-1.862645149230957e-09
null_control,0,2,23,2560,1,49260,44112,1470,3678,3;5;6;9;10;12,1,25,275,-1.4901161193847656e-08,-1.3113021850585938e-06,0.0,1.4901161193847656e-08
null_control,0,2,37,2560,1,49260,44112,1470,3678,3;5;6;9;10;12,1,25,275,5.21540641784668e-08,-9.685754776000977e-07,0.0,0.0
primary,0,2,11,2560,1,49260,44112,1470,3678,3;5;6;9;10;12,0,25,275,-1.2665987014770508e-07,-6.705522537231445e-08,0.0,0.0
primary,0,2,23,2560,1,49260,44112,1470,3678,3;5;6;9;10;12,0,25,275,-1.6391277313232422e-07,-7.748603820800781e-07,0.0,0.0
primary,0,2,37,2560,1,49260,44112,1470,3678,3;5;6;9;10;12,0,25,275,7.450580596923828e-08,-8.642673492431641e-07,0.0,-1.4901161193847656e-08
null_control,0,3,11,2560,1,32840,29408,980,2452,7;11;13;14,1,25,275,2.123415470123291e-07,-2.7194619178771973e-07,2.384185791015625e-07,3.725290298461914e-09
null_control,0,3,23,2560,1,32840,29408,980,2452,7;11;13;14,1,25,275,1.341104507446289e-07,7.450580596923828e-08,0.0,0.0
null_control,0,3,37,2560,1,32840,29408,980,2452,7;11;13;14,1,25,275,3.725290298461914e-08,-1.7881393432617188e-07,0.0,0.0
primary,0,3,11,2560,1,32840,29408,980,2452,7;11;13;14,0,25,275,9.872019290924072e-08,-3.234793742497762e-07,2.247831920581015e-07,0.0
primary,0,3,23,2560,1,32840,29408,980,2452,7;11;13;14,0,25,275,1.7881393432617188e-07,1.6391277313232422e-07,0.0,0.0
primary,0,3,37,2560,1,32840,29408,980,2452,7;11;13;14,0,25,275,3.650784492492676e-07,-1.2665987014770508e-07,0.0,0.0
null_control,0,4,11,2560,1,8210,7352,245,613,15,1,25,275,6.332993507385254e-08,-1.1920928955078125e-07,0.0,0.0
null_control,0,4,23,2560,1,8210,7352,245,613,15,1,25,275,4.470348358154297e-08,-8.940696716308594e-08,0.0,0.0
null_control,0,4,37,2560,1,8210,7352,245,613,15,1,25,275,3.2782554626464844e-07,-1.6391277313232422e-07,0.0,0.0
primary,0,4,11,2560,1,8210,7352,245,613,15,0,25,275,-1.8998980522155762e-07,-1.6391277313232422e-07,0.0,0.0
primary,0,4,23,2560,1,8210,7352,245,613,15,0,25,275,-1.341104507446289e-07,-1.1920928955078125e-07,0.0,0.0
primary,0,4,37,2560,1,8210,7352,245,613,15,0,25,275,3.2782554626464844e-07,2.2351741790771484e-08,0.0,0.0
primary,1,1,11,2560,1,32840,29408,980,2452,1;2;4;8,0,450,700,0.794114351272583,0.6568320194880167,0.048603417712857276,1.892339825630188
primary,1,1,23,2560,1,32840,29408,980,2452,1;2;4;8,0,475,725,0.6201411485671997,0.9204800923665365,0.14844865746543123,2.195749282836914
primary,1,1,37,2560,1,32840,29408,980,2452,1;2;4;8,0,875,1000,0.7189306616783142,0.39563313126564026,0.030257017114445717,2.8549623489379883
primary,1,2,11,2560,1,49260,44112,1470,3678,3;5;6;9;10;12,0,350,600,0.6996375918388367,0.24544933438301086,0.03398765685096984,1.1316546201705933
primary,1,2,23,2560,1,49260,44112,1470,3678,3;5;6;9;10;12,0,325,575,0.651050329208374,0.19367497165997824,0.0239935111764051,1.0077756643295288
primary,1,2,37,2560,1,49260,44112,1470,3678,3;5;6;9;10;12,0,425,675,0.632536768913269,0.32038148244222003,0.029869271558135506,1.3683964014053345
primary,1,3,11,2560,1,32840,29408,980,2452,7;11;13;14,0,400,650,0.31032782793045044,-0.23771222432454428,0.040911334434943915,0.40635693073272705
primary,1,3,23,2560,1,32840,29408,980,2452,7;11;13;14,0,300,550,0.3057222068309784,-0.19154725472132364,0.030152352895789995,0.3713981509208679
primary,1,3,37,2560,1,32840,29408,980,2452,7;11;13;14,0,400,650,0.47966668754816055,-0.36600713928540546,0.0345960366703427,0.4999854862689972
primary,1,4,11,2560,1,8210,7352,245,613,15,0,100,350,0.007210113340988755,-0.01705869900373121,0.006750832482831303,0.004744411446154118
primary,1,4,23,2560,1,8210,7352,245,613,15,0,150,400,0.008933097124099731,-0.0946517288684845,0.022426570627984678,0.018722623586654663
primary,1,4,37,2560,1,8210,7352,245,613,15,0,250,500,0.018204376101493835,-0.30044400691986084,0.027936917969744297,-0.02357417345046997
primary,2,1,11,2560,1,32840,29408,980,2452,1;2;4;8,0,400,650,0.7280758619308472,1.072792609532674,0.06311900324346963,2.1854488849639893
primary,2,1,23,2560,1,32840,29408,980,2452,1;2;4;8,0,850,1000,1.0016106069087982,0.7792995373407999,0.21771522619546185,4.4484782218933105
primary,2,1,37,2560,1,32840,29408,980,2452,1;2;4;8,0,500,750,0.697795569896698,0.9144608577092489,0.053048510409862915,3.1928536891937256
primary,2,2,11,2560,1,49260,44112,1470,3678,3;5;6;9;10;12,0,475,725,1.0235086679458618,0.22748554746309915,0.03036289176969567,1.716812014579773
primary,2,2,23,2560,1,49260,44112,1470,3678,3;5;6;9;10;12,0,375,625,0.6860098242759705,0.36338794231414795,0.020823074374584083,1.3228744268417358
primary,2,2,37,2560,1,49260,44112,1470,3678,3;5;6;9;10;12,0,600,850,0.8897787928581238,0.22943455974260965,0.039285892800927716,2.069056749343872
primary,2,3,11,2560,1,32840,29408,980,2452,7;11;13;14,0,400,650,0.37385720014572144,-0.3585260510444641,0.02745278964082146,0.4806503653526306
primary,2,3,23,2560,1,32840,29408,980,2452,7;11;13;14,0,225,475,0.1835612766444683,-0.207523246606191,0.013065086219082629,0.19262564182281494
primary,2,3,37,2560,1,32840,29408,980,2452,7;11;13;14,0,275,525,0.34181296825408936,-0.20732527474562326,0.019040094222166352,0.26376426219940186
primary,2,4,11,2560,1,8210,7352,245,613,15,0,200,450,0.015168008394539356,-0.2583490312099457,0.02217757423659588,-0.023210853338241577
primary,2,4,23,2560,1,8210,7352,245,613,15,0,50,300,6.0617923736572266e-05,-0.0008165240287780762,0.0002474398558327274,-0.00034749507904052734
primary,2,4,37,2560,1,8210,7352,245,613,15,0,100,350,0.011576376855373383,-0.060267706712087,0.009758982606670283,-0.02255505695939064
primary,3,1,11,2560,1,32840,29408,980,2452,1;2;4;8,0,450,700,0.8838915079832077,0.9289134740829468,0.2073308128691257,3.456221342086792
primary,3,1,23,2560,1,32840,29408,980,2452,1;2;4;8,0,550,800,0.9531999379396439,0.954168438911438,0.09822682808785707,3.646996021270752
primary,3,1,37,2560,1,32840,29408,980,2452,1;2;4;8,0,500,750,1.0736968666315079,0.8307351271311442,0.13784078838981742,3.514150857925415
primary,3,2,11,2560,1,49260,44112,1470,3678,3;5;6;9;10;12,0,525,775,0.9237326979637146,-0.037694950898488365,0.015219840982999605,1.8490252494812012
primary,3,2,23,2560,1,49260,44112,1470,3678,3;5;6;9;10;12,0,375,625,1.0627655982971191,0.1914554884036382,0.030050375683451685,1.5474560260772705
primary,3,2,37,2560,1,49260,44112,1470,3678,3;5;6;9;10;12,0,425,675,0.9381837844848633,0.2975244919459025,0.019635443976848688,1.792340874671936
primary,3,3,11,2560,1,32840,29408,980,2452,7;11;13;14,0,400,650,0.5033286213874817,-0.6372819940249125,0.052238624144382906,0.1238667368888855
primary,3,3,23,2560,1,32840,29408,980,2452,7;11;13;14,0,300,550,0.5101115554571152,-0.43850727876027423,0.02377007321948041,0.21305394172668457
primary,3,3,37,2560,1,32840,29408,980,2452,7;11;13;14,0,300,550,0.5857998728752136,-0.23932587107022604,0.025711801785431435,0.1896088421344757
primary,3,4,11,2560,1,8210,7352,245,613,15,0,25,275,-0.0026498744264245033,-0.0018382531901200612,0.00017178438703656195,-0.00030126050114631653
primary,3,4,23,2560,1,8210,7352,245,613,15,0,25,275,-0.0022572875022888184,-0.0015596648057301838,5.548372528501546e-05,5.009770393371582e-05
primary,3,4,37,2560,1,8210,7352,245,613,15,0,25,275,-0.0019757747650146484,-0.002299889922142029,0.0001274445620361277,-0.00017347931861877441
primary,4,1,11,2560,1,32840,29408,980,2452,1;2;4;8,0,475,725,1.138094186782837,1.0894688367843628,0.027637923853107822,3.201057195663452
primary,4,1,23,2560,1,32840,29408,980,2452,1;2;4;8,0,500,750,0.9338324815034866,0.9888268709182739,0.1717821253398865,3.965353012084961
primary,4,1,37,2560,1,32840,29408,980,2452,1;2;4;8,0,500,750,1.015480399131775,0.8411867221196493,0.0968122594999213,3.700578212738037
primary,4,2,11,2560,1,49260,44112,1470,3678,3;5;6;9;10;12,0,575,825,1.232323169708252,-0.2660849094390869,0.0371567723690795,1.654634714126587
primary,4,2,23,2560,1,49260,44112,1470,3678,3;5;6;9;10;12,0,700,950,1.2778887748718262,-0.3536611795425415,0.029227932123037568,1.897448182106018
primary,4,2,37,2560,1,49260,44112,1470,3678,3;5;6;9;10;12,0,500,750,1.1735228300094604,-0.307941476504008,0.023915327722492993,1.5816398859024048
primary,4,3,11,2560,1,32840,29408,980,2452,7;11;13;14,0,325,575,0.5087634325027466,-0.21332534154256186,0.0372734164594399,0.3977975845336914
primary,4,3,23,2560,1,32840,29408,980,2452,7;11;13;14,0,200,450,0.5207757353782654,0.0060110390186309814,0.03081602782342327,0.2109864056110382
primary,4,3,37,2560,1,32840,29408,980,2452,7;11;13;14,0,225,475,0.5315587520599365,0.00504521777232488,0.02061443835078105,0.18660005927085876
primary,4,4,11,2560,1,8210,7352,245,613,15,0,25,275,-0.002884114161133766,-0.003160342574119568,0.00017439353463748216,-0.0001313425600528717
primary,4,4,23,2560,1,8210,7352,245,613,15,0,50,300,-0.002901807427406311,-0.0015450368324915569,0.0002272528750763108,-0.000178411602973938
primary,4,4,37,2560,1,8210,7352,245,613,15,0,25,275,-0.0019383877515792847,-0.0015887320041656494,0.00014346532996046803,-0.0001471489667892456
primary,5,1,11,2560,1,32840,29408,980,2452,1;2;4;8,0,525,775,1.250368356704712,1.1604522069295247,0.06910291152184284,3.864835500717163
primary,5,1,23,2560,1,32840,29408,980,2452,1;2;4;8,0,750,1000,1.1020548343658447,0.7955712874730428,0.050912804784559264,5.566611289978027
primary,5,1,37,2560,1,32840,29408,980,2452,1;2;4;8,0,500,750,1.2168828248977661,0.9498372475306193,0.12821691729132498,4.236527442932129
primary,5,2,11,2560,1,49260,44112,1470,3678,3;5;6;9;10;12,0,450,700,1.1536411046981812,-0.08342248201370239,0.028281479012425857,1.4105556011199951
primary,5,2,23,2560,1,49260,44112,1470,3678,3;5;6;9;10;12,0,375,625,0.9038426876068115,0.012908558050791422,0.03538844338043299,1.2147676944732666
primary,5,2,37,2560,1,49260,44112,1470,3678,3;5;6;9;10;12,0,525,775,1.118850588798523,-0.27785293261210126,0.020338905890625612,2.020944833755493
primary,5,3,11,2560,1,32840,29408,980,2452,7;11;13;14,0,325,575,0.8364604711532593,-0.3212420741717021,0.03794065139335317,0.36164575815200806
primary,5,3,23,2560,1,32840,29408,980,2452,7;11;13;14,0,425,675,0.6659401655197144,-0.8267108996709188,0.02846241712911833,0.30387401580810547
primary,5,3,37,2560,1,32840,29408,980,2452,7;11;13;14,0,500,750,0.6804212331771851,-1.1282916069030762,0.05675237834892156,0.3161054849624634
primary,5,4,11,2560,1,8210,7352,245,613,15,0,25,275,-0.0023805033415555954,-0.0016703257181992133,0.00015612386146085486,-4.12308145314455e-05
primary,5,4,23,2560,1,8210,7352,245,613,15,0,25,275,-0.001634642481803894,-0.0007113516330718994,6.92496876597066e-05,6.76959753036499e-05
primary,5,4,37,2560,1,8210,7352,245,613,15,0,25,275,-0.0013003423810005188,-0.0010238215327262878,6.691072046313729e-05,5.348026752471924e-05
primary,6,1,11,2560,1,32840,29408,980,2452,1;2;4;8,0,400,650,0.8386474847793579,1.3730953137079875,0.011354972787033095,3.1029536724090576
primary,6,1,23,2560,1,32840,29408,980,2452,1;2;4;8,0,425,675,1.0578316450119019,1.299200216929118,0.05815352792259621,3.6777570247650146
primary,6,1,37,2560,1,32840,29408,980,2452,1;2;4;8,0,525,775,0.8370386362075806,0.8258347113927206,0.10224129006099894,3.9879150390625
primary,6,2,11,2560,1,49260,44112,1470,3678,3;5;6;9;10;12,0,475,725,1.1237235069274902,0.2561822831630707,0.031539535552535164,1.7702239751815796
primary,6,2,23,2560,1,49260,44112,1470,3678,3;5;6;9;10;12,0,375,625,0.855977475643158,-0.031374613444010414,0.03361646938146033,1.5248918533325195
primary,6,2,37,2560,1,49260,44112,1470,3678,3;5;6;9;10;12,0,425,675,1.0176372528076172,0.09009506305058797,0.05603115701735868,1.8716254234313965
primary,6,3,11,2560,1,32840,29408,980,2452,7;11;13;14,0,350,600,0.6485371589660645,-0.5252227783203125,0.045818506124365964,0.266947865486145
primary,6,3,23,2560,1,32840,29408,980,2452,7;11;13;14,0,450,700,0.6176798343658447,-0.8690014680226644,0.044260450087155616,0.35301995277404785
primary,6,3,37,2560,1,32840,29408,980,2452,7;11;13;14,0,325,575,0.6174718737602234,-0.4652085502942403,0.03502869441568637,0.36622607707977295
primary,6,4,11,2560,1,8210,7352,245,613,15,0,25,275,-0.0035080686211586,-0.0016837635387976964,0.00021759792345643335,-0.00035444460809230804
primary,6,4,23,2560,1,8210,7352,245,613,15,0,25,275,-0.0018013864755630493,-0.0010782281557718913,7.130039939767772e-05,3.4868717193603516e-05
primary,6,4,37,2560,1,8210,7352,245,613,15,0,250,500,0.06786203011870384,-0.6007950107256571,0.02949336326898316,-0.038217008113861084
primary,7,1,11,2560,1,32840,29408,980,2452,1;2;4;8,0,350,600,0.5139303207397461,0.7958511511484782,0.16411939717898852,1.8672147989273071
primary,7,1,23,2560,1,32840,29408,980,2452,1;2;4;8,0,475,725,0.9950222969055176,0.8470337788263956,0.24552473411194622,4.379857540130615
primary,7,1,37,2560,1,32840,29408,980,2452,1;2;4;8,0,500,750,0.7606102824211121,0.2798021237055461,0.19906113719562,3.295742988586426
primary,7,2,11,2560,1,49260,44112,1470,3678,3;5;6;9;10;12,0,550,800,1.2350093126296997,0.09100612004597981,0.09087404909475852,2.5189576148986816
primary,7,2,23,2560,1,49260,44112,1470,3678,3;5;6;9;10;12,0,400,650,0.9686955213546753,0.13238143920898438,0.06017815439116001,2.0165765285491943
primary,7,2,37,2560,1,49260,44112,1470,3678,3;5;6;9;10;12,0,400,650,1.053011640906334,0.2514084378878276,0.050290956349524726,1.9909560680389404
primary,7,3,11,2560,1,32840,29408,980,2452,7;11;13;14,0,450,700,0.5977842807769775,-0.7005648612976074,0.05421743985255879,0.4146583080291748
primary,7,3,23,2560,1,32840,29408,980,2452,7;11;13;14,0,425,675,0.6940193176269531,-0.7875384489695231,0.0486787745798192,0.39890921115875244
primary,7,3,37,2560,1,32840,29408,980,2452,7;11;13;14,0,350,600,0.5955771803855896,-0.5418624679247538,0.02834221752104001,0.408713161945343
primary,7,4,11,2560,1,8210,7352,245,613,15,0,175,425,0.003754632081836462,-0.12903166313966116,0.01789372217006031,-0.019963935017585754
primary,7,4,23,2560,1,8210,7352,245,613,15,0,25,275,-0.0014738589525222778,-0.0005571867028872172,9.998645948625547e-05,5.684792995452881e-06
primary,7,4,37,2560,1,8210,7352,245,613,15,0,225,475,0.031058100052177906,-0.4099143147468567,0.02470334730916121,0.024314045906066895
primary,8,1,11,2560,1,32840,29408,980,2452,1;2;4;8,0,425,675,0.8019413352012634,1.062711199124654,0.07936105445315943,3.092960834503174
primary,8,1,23,2560,1,32840,29408,980,2452,1;2;4;8,0,400,650,0.842476487159729,0.7295520702997843,0.12866658566040526,2.9961915016174316
primary,8,1,37,2560,1,32840,29408,980,2452,1;2;4;8,0,450,700,0.7112530469894409,0.6071943839391073,0.14745325000308906,2.9560861587524414
primary,8,2,11,2560,1,49260,44112,1470,3678,3;5;6;9;10;12,0,550,800,1.489509105682373,0.29671406745910645,0.05123525479596414,2.3608996868133545
primary,8,2,23,2560,1,49260,44112,1470,3678,3;5;6;9;10;12,0,525,775,1.4179030656814575,0.19549147288004556,0.05602205098975844,2.2140274047851562
primary,8,2,37,2560,1,49260,44112,1470,3678,3;5;6;9;10;12,0,525,775,1.5007824897766113,0.13144896427790323,0.05121457707034755,2.3288655281066895
primary,8,3,11,2560,1,32840,29408,980,2452,7;11;13;14,0,400,650,0.5014007091522217,-0.7429755528767904,0.04454398884613575,0.45973002910614014
primary,8,3,23,2560,1,32840,29408,980,2452,7;11;13;14,0,425,675,0.5810045599937439,-0.7848174571990967,0.053346789978045,0.531191349029541
primary,8,3,37,2560,1,32840,29408,980,2452,7;11;13;14,0,450,700,0.42597275972366333,-0.7966045141220093,0.057952520270161755,0.42803966999053955
primary,8,4,11,2560,1,8210,7352,245,613,15,0,25,275,-0.002840973436832428,-0.001291246774295966,0.00028831795121345047,-0.00021393224596977234
primary,8,4,23,2560,1,8210,7352,245,613,15,0,25,275,-0.002166450023651123,-0.0011580710609753926,0.00010786595693180592,5.1490962505340576e-05
primary,8,4,37,2560,1,8210,7352,245,613,15,0,25,275,-0.0021925270557403564,-0.000851847231388092,8.003800831702698e-05,-0.00015404820442199707
primary,9,1,11,2560,1,32840,29408,980,2452,1;2;4;8,0,875,1000,1.277398943901062,-0.18569302558898926,0.06910194687403627,4.404362201690674
primary,9,1,23,2560,1,32840,29408,980,2452,1;2;4;8,0,725,975,1.6183875799179077,0.2059767246246338,0.24607410262856816,4.021639347076416
primary,9,1,37,2560,1,32840,29408,980,2452,1;2;4;8,0,500,750,1.6042261123657227,0.4339619080225627,0.32583859551264366,3.0556702613830566
primary,9,2,11,2560,1,49260,44112,1470,3678,3;5;6;9;10;12,0,700,950,1.23822820186615,-0.19717137018839517,0.0773974736184204,2.7860732078552246
primary,9,2,23,2560,1,49260,44112,1470,3678,3;5;6;9;10;12,0,675,925,1.2845066785812378,0.001248757044474284,0.07919355587752894,2.8463730812072754
primary,9,2,37,2560,1,49260,44112,1470,3678,3;5;6;9;10;12,0,600,850,1.2880804538726807,0.030763943990071613,0.08007882969973751,2.602677583694458
primary,9,3,11,2560,1,32840,29408,980,2452,7;11;13;14,0,300,550,0.6142973303794861,-0.5239958763122559,0.023899129051269938,0.3458660840988159
primary,9,3,23,2560,1,32840,29408,980,2452,7;11;13;14,0,475,725,0.6273544430732727,-0.9851943651835123,0.03292269445758872,0.5897507667541504
primary,9,3,37,2560,1,32840,29408,980,2452,7;11;13;14,0,500,750,0.5221914052963257,-0.852132519086202,0.024097929784347504,0.3477487564086914
primary,9,4,11,2560,1,8210,7352,245,613,15,0,175,425,0.02639709785580635,-0.0869097833832105,0.013933879296819907,0.016610153019428253
primary,9,4,23,2560,1,8210,7352,245,613,15,0,125,375,0.016915462911128998,-0.09033235907554626,0.008178604208858273,0.001488417387008667
primary,9,4,37,2560,1,8210,7352,245,613,15,0,200,450,0.0542682409286499,-0.21933443347613016,0.012349137090428647,0.024339646100997925
primary,10,1,11,2560,1,32840,29408,980,2452,1;2;4;8,0,875,1000,1.8814643323421478,-0.17573992411295572,0.0803358608167052,5.0456695556640625
primary,10,1,23,2560,1,32840,29408,980,2452,1;2;4;8,0,675,925,1.6115384101867676,0.15359151363372803,0.07369305741945022,4.362002372741699
primary,10,1,37,2560,1,32840,29408,980,2452,1;2;4;8,0,450,700,1.5283418893814087,0.5204336047172546,0.07017697368560413,3.4869470596313477
primary,10,2,11,2560,1,49260,44112,1470,3678,3;5;6;9;10;12,0,475,725,1.1556613445281982,0.30196261405944824,0.05946053019507999,2.0432610511779785
primary,10,2,23,2560,1,49260,44112,1470,3678,3;5;6;9;10;12,0,675,925,1.2066072225570679,-0.17389428615570068,0.08387477218887483,2.542649269104004
primary,10,2,37,2560,1,49260,44112,1470,3678,3;5;6;9;10;12,0,475,725,1.236108660697937,-0.018444339434305828,0.051319738871108155,2.181004047393799
primary,10,3,11,2560,1,32840,29408,980,2452,7;11;13;14,0,575,825,0.7885913848876953,-1.0613922675450642,0.05454874429083359,0.5777403116226196
primary,10,3,23,2560,1,32840,29408,980,2452,7;11;13;14,0,425,675,0.7484804391860962,-0.9503793319066366,0.0768700610668592,0.461708664894104
primary,10,3,37,2560,1,32840,29408,980,2452,7;11;13;14,0,300,550,0.6924324035644531,-0.41494518518447876,0.0420280872485882,0.41661959886550903
primary,10,4,11,2560,1,8210,7352,245,613,15,0,175,425,0.014441167237237096,-0.11953925589720409,0.024692900058581192,-0.015307486057281494
primary,10,4,23,2560,1,8210,7352,245,613,15,0,50,300,-0.0017248541116714478,-0.0007677525281906128,0.0002224837561942808,-0.00040021538734436035
primary,10,4,37,2560,1,8210,7352,245,613,15,0,200,450,-0.00014176219701766968,-0.21882634361584982,0.015196712767689417,0.02035258710384369
primary,11,1,11,2560,1,32840,29408,980,2452,1;2;4;8,0,450,700,0.8940205574035645,0.342227836449941,0.024769062832719825,3.2387778759002686
primary,11,1,23,2560,1,32840,29408,980,2452,1;2;4;8,0,475,725,1.057785376906395,0.4441366990407308,0.12126146138987405,3.2299365997314453
primary,11,1,37,2560,1,32840,29408,980,2452,1;2;4;8,0,450,700,1.0863244533538818,0.6233930786450704,0.04947286925016977,3.4106483459472656
primary,11,2,11,2560,1,49260,44112,1470,3678,3;5;6;9;10;12,0,475,725,1.1429002285003662,0.02985153595606486,0.08333829575625981,1.9777522087097168
primary,11,2,23,2560,1,49260,44112,1470,3678,3;5;6;9;10;12,0,525,775,1.438051462173462,-0.040707667668660484,0.12335731338305153,2.4460413455963135
primary,11,2,37,2560,1,49260,44112,1470,3678,3;5;6;9;10;12,0,525,775,1.3048309087753296,-0.2649843692779541,0.08763710227866399,2.4529292583465576
primary,11,3,11,2560,1,32840,29408,980,2452,7;11;13;14,0,375,625,0.6520353555679321,-0.7817226648330688,0.04325567392493379,0.404762864112854
primary,11,3,23,2560,1,32840,29408,980,2452,7;11;13;14,0,425,675,0.724597156047821,-0.8538338343302408,0.04365473650138627,0.45950376987457275
primary,11,3,37,2560,1,32840,29408,980,2452,7;11;13;14,0,350,600,0.6253843307495117,-0.592498262723287,0.03449922476776484,0.41829073429107666
primary,11,4,11,2560,1,8210,7352,245,613,15,0,25,275,-0.0036703513469547033,-0.0029945249358812966,0.00024688216684263945,-0.0001411139965057373
primary,11,4,23,2560,1,8210,7352,245,613,15,0,50,300,-0.0023881345987319946,-0.0013379653294881184,0.0004897621097536989,-9.302794933319092e-05
primary,11,4,37,2560,1,8210,7352,245,613,15,0,50,300,-0.0027346014976501465,-0.0011037538448969524,0.0002352783374314567,-9.223073720932007e-05
primary,12,1,11,2560,1,32840,29408,980,2452,1;2;4;8,0,450,700,1.2979413270950317,0.38493943214416504,0.09213328092635951,3.964634895324707
primary,12,1,23,2560,1,32840,29408,980,2452,1;2;4;8,0,450,700,1.0087498128414154,0.7698695659637451,0.2796444279623179,3.3986330032348633
primary,12,1,37,2560,1,32840,29408,980,2452,1;2;4;8,0,475,725,0.9429577887058258,0.16844964027404785,0.04813721884282902,3.488469362258911
primary,12,2,11,2560,1,49260,44112,1470,3678,3;5;6;9;10;12,0,450,700,1.0357487201690674,0.14994974931081137,0.060793904693780335,2.162717819213867
primary,12,2,23,2560,1,49260,44112,1470,3678,3;5;6;9;10;12,0,525,775,1.3625478744506836,-0.06106122334798177,0.06778313220581972,2.4487738609313965
primary,12,2,37,2560,1,49260,44112,1470,3678,3;5;6;9;10;12,0,525,775,1.3205080032348633,-0.19202899932861328,0.11572675740069994,2.4045116901397705
primary,12,3,11,2560,1,32840,29408,980,2452,7;11;13;14,0,300,550,0.550278902053833,-0.35689910252888996,0.036803854336818265,0.35856103897094727
primary,12,3,23,2560,1,32840,29408,980,2452,7;11;13;14,0,450,700,0.7251713871955872,-0.8783120711644491,0.06360341879844042,0.4252431392669678
primary,12,3,37,2560,1,32840,29408,980,2452,7;11;13;14,0,300,550,0.6360850930213928,-0.29659102360407513,0.04308963642203574,0.3791819214820862
primary,12,4,11,2560,1,8210,7352,245,613,15,0,25,275,-0.004924245178699493,-0.007118628049890201,0.00018052861409182188,-0.00022932514548301697
primary,12,4,23,2560,1,8210,7352,245,613,15,0,25,275,-0.002644091844558716,-0.0016830762227376301,9.814302912896886e-05,-3.0547380447387695e-06
primary,12,4,37,2560,1,8210,7352,245,613,15,0,25,275,-0.0023425742983818054,-0.001446781059106191,0.0001725238456057738,-2.3759901523590088e-05
primary,13,1,11,2560,1,32840,29408,980,2452,1;2;4;8,0,400,650,0.7008066177368164,0.6832915743192037,0.11941207233534883,2.67500376701355
primary,13,1,23,2560,1,32840,29408,980,2452,1;2;4;8,0,475,725,0.8164375424385071,0.36601052681605023,0.06355105767106348,3.3825979232788086
primary,13,1,37,2560,1,32840,29408,980,2452,1;2;4;8,0,475,725,1.1633564233779907,0.3955720067024231,0.15896295006991548,3.5367934703826904
primary,13,2,11,2560,1,49260,44112,1470,3678,3;5;6;9;10;12,0,450,700,1.2682477235794067,0.11152901252110799,0.05236224063870008,1.7098770141601562
primary,13,2,23,2560,1,49260,44112,1470,3678,3;5;6;9;10;12,0,600,850,1.289109230041504,-0.18268718322118124,0.11561353341425144,2.779463052749634
primary,13,2,37,2560,1,49260,44112,1470,3678,3;5;6;9;10;12,0,875,1000,1.4135395288467407,-0.403642733891805,0.08016975631317694,3.1818745136260986
primary,13,3,11,2560,1,32840,29408,980,2452,7;11;13;14,0,400,650,0.6171631217002869,-0.742416779200236,0.04460974280388193,0.4908335208892822
primary,13,3,23,2560,1,32840,29408,980,2452,7;11;13;14,0,400,650,0.5122780874371529,-0.7891111771265665,0.053783495470923315,0.25104284286499023
primary,13,3,37,2560,1,32840,29408,980,2452,7;11;13;14,0,375,625,0.6600796580314636,-0.5743430654207865,0.04540412272289469,0.42125970125198364
primary,13,4,11,2560,1,8210,7352,245,613,15,0,50,300,-0.003664103802293539,-0.0030840495601296425,0.00030445769385104146,-1.6783829778432846e-05
primary,13,4,23,2560,1,8210,7352,245,613,15,0,50,300,-0.002285480499267578,-0.0005443443854649862,0.0002171309064785281,0.00013656914234161377
primary,13,4,37,2560,1,8210,7352,245,613,15,0,25,275,-0.004774957895278931,-0.002630949020385742,0.00014435229369417674,2.1979212760925293e-05
primary,14,1,11,2560,1,32840,29408,980,2452,1;2;4;8,0,450,700,0.8245152831077576,0.7733025153477987,0.11709677035752208,2.9540514945983887
primary,14,1,23,2560,1,32840,29408,980,2452,1;2;4;8,0,450,700,0.6365464329719543,0.5893143614133199,0.1344159639631231,3.041754722595215
primary,14,1,37,2560,1,32840,29408,980,2452,1;2;4;8,0,450,700,0.9363633990287781,0.672061045964559,0.21120732435523232,3.270012855529785
primary,14,2,11,2560,1,49260,44112,1470,3678,3;5;6;9;10;12,0,350,600,0.7848653793334961,0.17961305379867554,0.04646208612399995,1.5699493885040283
primary,14,2,23,2560,1,49260,44112,1470,3678,3;5;6;9;10;12,0,350,600,1.226267695426941,0.3466359078884125,0.04819154933845205,1.821804404258728
primary,14,2,37,2560,1,49260,44112,1470,3678,3;5;6;9;10;12,0,450,700,1.0788204669952393,0.09985158840815227,0.0733293963721045,1.895336389541626
primary,14,3,11,2560,1,32840,29408,980,2452,7;11;13;14,0,350,600,0.6584722399711609,-0.4027039210001628,0.04977186833849477,0.3109546899795532
primary,14,3,23,2560,1,32840,29408,980,2452,7;11;13;14,0,275,525,0.5715485215187073,-0.3168725371360779,0.03779404289491911,0.2449985146522522
primary,14,3,37,2560,1,32840,29408,980,2452,7;11;13;14,0,375,625,0.5239514783024788,-0.692691961924235,0.03488282519670491,0.3151191473007202
primary,14,4,11,2560,1,8210,7352,245,613,15,0,50,300,-0.003706013027112931,-0.004921730607748032,0.0002464228353977505,0.00014502182602882385
primary,14,4,23,2560,1,8210,7352,245,613,15,0,50,300,-0.002645626664161682,-0.0007460316022237142,0.00030082979060449974,7.827579975128174e-05
primary,14,4,37,2560,1,8210,7352,245,613,15,0,25,275,-0.003498360514640808,-0.001977205276489258,0.00012602761889527047,-4.556775093078613e-05
null_control,15,1,11,2560,1,32840,29408,980,2452,1;2;4;8,1,550,800,0.9363403916358948,0.6382187555233637,0.10557610093381385,3.0290441513061523
null_control,15,1,23,2560,1,32840,29408,980,2452,1;2;4;8,1,350,600,0.521882176399231,1.1067270437876384,0.05791499595262897,2.271218776702881
null_control,15,1,37,2560,1,32840,29408,980,2452,1;2;4;8,1,575,825,0.6529991030693054,0.5608474214871725,0.23220434034311643,3.5994012355804443
primary,15,1,11,2560,1,32840,29408,980,2452,1;2;4;8,0,525,775,1.2072906494140625,0.4647000829378764,0.13847223437444672,4.4252166748046875
primary,15,1,23,2560,1,32840,29408,980,2452,1;2;4;8,0,575,825,1.229124903678894,0.4743874867757161,0.25918165201097954,5.298074722290039
primary,15,1,37,2560,1,32840,29408,980,2452,1;2;4;8,0,800,1000,1.162282109260559,-0.455486536026001,0.05808479815322562,4.886157512664795
null_control,15,2,11,2560,1,49260,44112,1470,3678,3;5;6;9;10;12,1,725,975,0.9517999291419983,0.01995845635732015,0.03316248616119712,2.6887221336364746
null_control,15,2,23,2560,1,49260,44112,1470,3678,3;5;6;9;10;12,1,375,625,0.9210497736930847,0.3683080772558848,0.014372637650210279,1.612596869468689
null_control,15,2,37,2560,1,49260,44112,1470,3678,3;5;6;9;10;12,1,650,900,0.9497626423835754,0.014977415402730307,0.03423864869181098,2.7452011108398438
primary,15,2,11,2560,1,49260,44112,1470,3678,3;5;6;9;10;12,0,725,975,1.2352445125579834,0.013397415479024252,0.08277162806678319,2.8866677284240723
primary,15,2,23,2560,1,49260,44112,1470,3678,3;5;6;9;10;12,0,525,775,1.0200445652008057,0.15923182169596353,0.08575138547207023,2.2464137077331543
primary,15,2,37,2560,1,49260,44112,1470,3678,3;5;6;9;10;12,0,650,900,1.0553545951843262,0.11177382866541545,0.07998984053521192,2.8855340480804443
null_control,15,3,11,2560,1,32840,29408,980,2452,7;11;13;14,1,475,725,0.5854347944259644,-0.440107782681783,0.06088914181090661,0.5004020929336548
null_control,15,3,23,2560,1,32840,29408,980,2452,7;11;13;14,1,325,575,0.527353048324585,-0.04042015473047892,0.050163505514522366,0.4125247597694397
null_control,15,3,37,2560,1,32840,29408,980,2452,7;11;13;14,1,275,525,0.4286579489707947,0.014944920937220255,0.039018711089804294,0.38537678122520447
primary,15,3,11,2560,1,32840,29408,980,2452,7;11;13;14,0,400,650,0.5626852512359619,-0.48589974641799927,0.046771537339568445,0.30810362100601196
primary,15,3,23,2560,1,32840,29408,980,2452,7;11;13;14,0,450,700,0.6897992491722107,-0.6120085716247559,0.05173610150848177,0.37470054626464844
primary,15,3,37,2560,1,32840,29408,980,2452,7;11;13;14,0,300,550,0.5707999467849731,-0.24989145000775656,0.057371907851341004,0.26951804757118225
null_control,15,4,11,2560,1,8210,7352,245,613,15,1,75,325,-0.0031663700938224792,-0.012908955415089926,0.0010913725992173766,-0.0011796355247497559
null_control,15,4,23,2560,1,8210,7352,245,613,15,1,100,350,0.0008886158466339111,-0.00861846407254537,0.002204869559653252,-0.0008335858583450317
null_control,15,4,37,2560,1,8210,7352,245,613,15,1,75,325,-0.0014961957931518555,-0.003401324152946472,0.0007633132316987313,0.0014217421412467957
primary,15,4,11,2560,1,8210,7352,245,613,15,0,50,300,-0.006237063556909561,-0.011426771680514017,0.0005485362087194232,-8.64267349243164e-05
primary,15,4,23,2560,1,8210,7352,245,613,15,0,50,300,-0.0033071190118789673,-0.0008758604526519775,0.0003651168618137817,-5.21540641784668e-06
primary,15,4,37,2560,1,8210,7352,245,613,15,0,50,300,-0.005093872547149658,-0.001786572237809499,0.00041699679088890275,-3.056228160858154e-05
primary,16,1,11,2560,1,32840,29408,980,2452,1;2;4;8,0,525,775,0.8749929070472717,0.254986047744751,0.06826104708837417,3.485136032104492
primary,16,1,23,2560,1,32840,29408,980,2452,1;2;4;8,0,400,650,0.7712803483009338,0.9641710122426351,0.0200085992864555,3.012347459793091
primary,16,1,37,2560,1,32840,29408,980,2452,1;2;4;8,0,500,750,0.9020227789878845,0.3483503262201945,0.1722688754027887,3.8839526176452637
primary,16,2,11,2560,1,49260,44112,1470,3678,3;5;6;9;10;12,0,750,1000,1.3171422481536865,0.045556982358296715,0.08416254691405095,2.7726850509643555
primary,16,2,23,2560,1,49260,44112,1470,3678,3;5;6;9;10;12,0,700,950,1.4092777967453003,-0.2858650286992391,0.0896430284149879,2.8129634857177734
primary,16,2,37,2560,1,49260,44112,1470,3678,3;5;6;9;10;12,0,475,725,1.416045904159546,0.14997756481170654,0.11117400194606467,2.422567367553711
primary,16,3,11,2560,1,32840,29408,980,2452,7;11;13;14,0,325,575,0.6250929236412048,-0.44626396894454956,0.03140457790371406,0.2467631697654724
primary,16,3,23,2560,1,32840,29408,980,2452,7;11;13;14,0,425,675,0.47995251417160034,-0.7591765324274699,0.05879165230737781,0.33421027660369873
primary,16,3,37,2560,1,32840,29408,980,2452,7;11;13;14,0,300,550,0.4573439359664917,-0.14179410537083945,0.045027592459263785,0.2518576979637146
primary,16,4,11,2560,1,8210,7352,245,613,15,0,25,275,-0.005069836974143982,-0.008468174686034521,0.00015030576545261936,0.00012257322669029236
primary,16,4,23,2560,1,8210,7352,245,613,15,0,50,300,-0.0027047693729400635,-0.0006857713063557943,0.00014949419503033313,2.2426247596740723e-05
primary,16,4,37,2560,1,8210,7352,245,613,15,0,25,275,-0.005863375961780548,-0.001732376714547475,9.784719658412092e-05,9.596720337867737e-05
primary,17,1,11,2560,1,32840,29408,980,2452,1;2;4;8,0,600,850,0.8052232265472412,0.12695189317067465,0.1890266737220715,3.939445972442627
primary,17,1,23,2560,1,32840,29408,980,2452,1;2;4;8,0,650,900,0.7987064719200134,0.1163335641225179,0.024371066790883234,4.214491367340088
primary,17,1,37,2560,1,32840,29408,980,2452,1;2;4;8,0,450,700,0.9126142859458923,0.995179812113444,0.03624050216009988,3.931323766708374
primary,17,2,11,2560,1,49260,44112,1470,3678,3;5;6;9;10;12,0,550,800,1.1409436464309692,0.0579831600189209,0.09230531951661239,2.1503210067749023
primary,17,2,23,2560,1,49260,44112,1470,3678,3;5;6;9;10;12,0,375,625,1.0225703567266464,0.33507053057352704,0.08582588868348683,2.1636898517608643
primary,17,2,37,2560,1,49260,44112,1470,3678,3;5;6;9;10;12,0,600,850,1.0963482856750488,-0.09788779417673747,0.09202891429253698,2.3752083778381348
primary,17,3,11,2560,1,32840,29408,980,2452,7;11;13;14,0,325,575,0.3483140468597412,-0.3665451407432556,0.049260605106844955,0.30360811948776245
primary,17,3,23,2560,1,32840,29408,980,2452,7;11;13;14,0,250,500,0.3322440981864929,-0.23721782366434732,0.028670168035584757,0.19883430004119873
primary,17,3,37,2560,1,32840,29408,980,2452,7;11;13;14,0,225,475,0.23606032133102417,-0.06662505865097046,0.0239092969904954,0.2671729028224945
primary,17,4,11,2560,1,8210,7352,245,613,15,0,50,300,-0.006378949619829655,-0.0015560636917750041,0.00021025773289919933,0.00043212808668613434
primary,17,4,23,2560,1,8210,7352,245,613,15,0,50,300,-0.002728596329689026,-0.0006481508413950602,0.00020043590910587308,0.00019910931587219238
primary,17,4,37,2560,1,8210,7352,245,613,15,0,25,275,-0.005855940282344818,-0.001922621081272761,0.00011334211845713226,0.00016577169299125671
primary,18,1,11,2560,1,32840,29408,980,2452,1;2;4;8,0,525,775,1.063492774963379,0.8443546692530314,0.044603716851010944,4.093613147735596
primary,18,1,23,2560,1,32840,29408,980,2452,1;2;4;8,0,725,975,1.1982207298278809,0.47062569856643677,0.10435442951509022,4.639458656311035
primary,18,1,37,2560,1,32840,29408,980,2452,1;2;4;8,0,550,800,1.1138148307800293,0.4171968499819438,0.20424045435990454,3.5958139896392822
primary,18,2,11,2560,1,49260,44112,1470,3678,3;5;6;9;10;12,0,375,625,0.8927263617515564,0.4167657792568207,0.03799092526266136,1.6882380247116089
primary,18,2,23,2560,1,49260,44112,1470,3678,3;5;6;9;10;12,0,325,575,1.0050960779190063,0.34371163447697956,0.040456131473230204,1.3198888301849365
primary,18,2,37,2560,1,49260,44112,1470,3678,3;5;6;9;10;12,0,825,1000,1.5326200723648071,-0.1728602647781372,0.06717867027393384,2.5737643241882324
primary,18,3,11,2560,1,32840,29408,980,2452,7;11;13;14,0,300,550,0.3219360113143921,-0.4029613534609477,0.030536350436268057,0.2428838610649109
primary,18,3,23,2560,1,32840,29408,980,2452,7;11;13;14,0,425,675,0.38488197326660156,-0.6725660562515259,0.05615796417659807,0.2338162660598755
primary,18,3,37,2560,1,32840,29408,980,2452,7;11;13;14,0,300,550,0.417499877512455,-0.25626230239868164,0.032231031768230375,0.3110712766647339
primary,18,4,11,2560,1,8210,7352,245,613,15,0,25,275,-0.0025833360850811005,-0.0012158205111821492,0.00026089786332072833,0.0002247430384159088
primary,18,4,23,2560,1,8210,7352,245,613,15,0,50,300,-0.0031349211931228638,-0.0009363840023676554,0.00029041985151766555,0.00019043684005737305
primary,18,4,37,2560,1,8210,7352,245,613,15,0,25,275,-0.006503313779830933,-0.0014252612988154094,0.000137662157166082,9.384006261825562e-05
primary,19,1,11,2560,1,32840,29408,980,2452,1;2;4;8,0,850,1000,1.5918751955032349,0.017497460047403973,0.06533392177809186,4.5337629318237305
primary,19,1,23,2560,1,32840,29408,980,2452,1;2;4;8,0,675,925,1.2186834812164307,0.5081758300463358,0.061510896405224114,4.138605117797852
primary,19,1,37,2560,1,32840,29408,980,2452,1;2;4;8,0,1000,1000,1.4884378910064697,-0.3561489184697469,0.2942387950608722,4.620064735412598
primary,19,2,11,2560,1,49260,44112,1470,3678,3;5;6;9;10;12,0,650,900,1.2783751487731934,-0.01296536127726237,0.07606871948819813,2.388180732727051
primary,19,2,23,2560,1,49260,44112,1470,3678,3;5;6;9;10;12,0,625,875,1.1700633764266968,0.15141687790552774,0.05749367657979939,2.5740208625793457
primary,19,2,37,2560,1,49260,44112,1470,3678,3;5;6;9;10;12,0,825,1000,1.1049398183822632,-0.24912003676096597,0.07264447527648789,2.9971985816955566
primary,19,3,11,2560,1,32840,29408,980,2452,7;11;13;14,0,375,625,0.43494224548339844,-0.47912981112798053,0.038103530647684694,0.283025324344635
primary,19,3,23,2560,1,32840,29408,980,2452,7;11;13;14,0,425,675,0.4548391103744507,-0.6692185401916504,0.026186289188285184,0.46073341369628906
primary,19,3,37,2560,1,32840,29408,980,2452,7;11;13;14,0,325,575,0.4875859022140503,-0.3891102472941081,0.0254394656635701,0.4000828266143799
primary,19,4,11,2560,1,8210,7352,245,613,15,0,50,300,-0.0030578384175896645,-0.0049571506679058075,0.00027041386473263115,0.0005032625049352646
primary,19,4,23,2560,1,8210,7352,245,613,15,0,25,275,-0.005269557237625122,-0.0007242833574612936,5.923117085235668e-05,0.00020304322242736816
primary,19,4,37,2560,1,8210,7352,245,613,15,0,50,300,-0.0030541792511940002,-0.0009424462914466858,0.0005096032277539936,0.00010916590690612793
primary,20,1,11,2560,1,32840,29408,980,2452,1;2;4;8,0,475,725,0.8835759162902832,0.6781430939833323,0.1845425959411005,3.0856056213378906
primary,20,1,23,2560,1,32840,29408,980,2452,1;2;4;8,0,625,875,0.9404727518558502,0.6555599570274353,0.08072809628096728,4.288175582885742
primary,20,1,37,2560,1,32840,29408,980,2452,1;2;4;8,0,450,700,1.0220260620117188,1.01342777411143,0.04496171721511341,3.7843689918518066
primary,20,2,11,2560,1,49260,44112,1470,3678,3;5;6;9;10;12,0,900,1000,1.2389391660690308,-0.14770638942718506,0.04198121479655815,2.734522819519043
primary,20,2,23,2560,1,49260,44112,1470,3678,3;5;6;9;10;12,0,450,700,1.1408686637878418,0.1966230273246765,0.043297446505325764,2.083750009536743
primary,20,2,37,2560,1,49260,44112,1470,3678,3;5;6;9;10;12,0,750,1000,1.4117451906204224,-0.1404018004735311,0.04184189889392804,2.399385929107666
primary,20,3,11,2560,1,32840,29408,980,2452,7;11;13;14,0,275,525,0.34847599267959595,-0.1320819358030955,0.03057329676620262,0.255935400724411
primary,20,3,23,2560,1,32840,29408,980,2452,7;11;13;14,0,250,500,0.26384902000427246,-0.21321996053059897,0.02976834914142024,0.3255958557128906
primary,20,3,37,2560,1,32840,29408,980,2452,7;11;13;14,0,175,425,0.1895727515220642,0.031139927605787914,0.023663137132118036,0.15182191133499146
primary,20,4,11,2560,1,8210,7352,245,613,15,0,50,300,-0.008991073817014694,-0.0018582043703645468,0.00012010108114523183,0.00035770353861153126
primary,20,4,23,2560,1,8210,7352,245,613,15,0,25,275,-0.004062086343765259,-0.000824307401974996,4.4746043114504535e-05,0.00014938414096832275
primary,20,4,37,2560,1,8210,7352,245,613,15,0,50,300,-0.0033306479454040527,-0.0007016435265541077,0.0003352875089479431,0.00014900416135787964
primary,21,1,11,2560,1,32840,29408,980,2452,1;2;4;8,0,600,850,0.9259060621261597,0.8039435148239136,0.11122778803617892,3.6445798873901367
primary,21,1,23,2560,1,32840,29408,980,2452,1;2;4;8,0,450,700,0.7140242457389832,1.3063865502675374,0.031731317041571075,2.7057573795318604
primary,21,1,37,2560,1,32840,29408,980,2452,1;2;4;8,0,500,750,1.0742032676935196,0.2432800531387329,0.2683083751523295,3.051815986633301
primary,21,2,11,2560,1,49260,44112,1470,3678,3;5;6;9;10;12,0,775,1000,1.3978488445281982,-0.18530734380086264,0.03689457247923854,2.327651262283325
primary,21,2,23,2560,1,49260,44112,1470,3678,3;5;6;9;10;12,0,525,775,1.3968795537948608,0.0947457750638326,0.03485917838783758,2.2879717350006104
primary,21,2,37,2560,1,49260,44112,1470,3678,3;5;6;9;10;12,0,750,1000,1.6963539123535156,0.016459107398986816,0.05304557523664877,2.695323944091797
primary,21,3,11,2560,1,32840,29408,980,2452,7;11;13;14,0,375,625,0.38860204815864563,-0.4512014389038086,0.03391832183648187,0.32977354526519775
primary,21,3,23,2560,1,32840,29408,980,2452,7;11;13;14,0,350,600,0.4822158217430115,-0.6195310950279236,0.058726543794594174,0.35190290212631226
primary,21,3,37,2560,1,32840,29408,980,2452,7;11;13;14,0,200,450,0.25778770446777344,0.027852679292360943,0.025468860821758782,0.19254937767982483
primary,21,4,11,2560,1,8210,7352,245,613,15,0,75,325,-0.010789730586111546,-0.00046376387278238934,0.0005935565068285438,0.0011211615055799484
primary,21,4,23,2560,1,8210,7352,245,613,15,0,25,275,-0.0026493817567825317,-0.0008619775374730428,4.805946652466903e-05,0.00012823939323425293
primary,21,4,37,2560,1,8210,7352,245,613,15,0,25,275,-0.0015358775854110718,-0.0019235263268152873,0.00013720581269756593,-7.092952728271484e-05
primary,22,1,11,2560,1,32840,29408,980,2452,1;2;4;8,0,625,875,0.7910279631614685,0.7362176974614462,0.16242421423668155,3.080869197845459
primary,22,1,23,2560,1,32840,29408,980,2452,1;2;4;8,0,775,1000,0.8474596738815308,0.41085632642110187,0.13176667071448275,3.993405342102051
primary,22,1,37,2560,1,32840,29408,980,2452,1;2;4;8,0,525,775,0.9201473444700241,0.4012385408083598,0.2892114838922317,3.437558174133301
primary,22,2,11,2560,1,49260,44112,1470,3678,3;5;6;9;10;12,0,550,800,1.2901721000671387,0.054943859577178955,0.048053913853171905,1.8867144584655762
primary,22,2,23,2560,1,49260,44112,1470,3678,3;5;6;9;10;12,0,550,800,1.2851651906967163,0.19321590662002563,0.0421968166783337,2.0765533447265625
primary,22,2,37,2560,1,49260,44112,1470,3678,3;5;6;9;10;12,0,525,775,1.0991212129592896,0.02966018517812093,0.033084032450729606,1.910072922706604
primary,22,3,11,2560,1,32840,29408,980,2452,7;11;13;14,0,250,500,0.3657945990562439,-0.1475032071272532,0.026512727242806913,0.22165963053703308
primary,22,3,23,2560,1,32840,29408,980,2452,7;11;13;14,0,250,500,0.4027777910232544,-0.3573122223218282,0.024700964907068773,0.23978149890899658
primary,22,3,37,2560,1,32840,29408,980,2452,7;11;13;14,0,275,525,0.515335738658905,-0.3575735290845235,0.01871892801940592,0.26661938428878784
primary,22,4,11,2560,1,8210,7352,245,613,15,0,100,350,-0.013976633548736572,-0.002611760670940081,0.0025237075497181304,0.0003868844360113144
primary,22,4,23,2560,1,8210,7352,245,613,15,0,50,300,-0.002708122134208679,-0.0003508428732554118,7.172948416677585e-05,0.00036634504795074463
primary,22,4,37,2560,1,8210,7352,245,613,15,0,25,275,-0.0026655644178390503,-0.0008873616655667623,0.0001862176634887247,0.00010782480239868164
primary,23,1,11,2560,1,32840,29408,980,2452,1;2;4;8,0,850,1000,0.8956287503242493,-0.1919559637705485,0.27196692073509,3.3155202865600586
primary,23,1,23,2560,1,32840,29408,980,2452,1;2;4;8,0,650,900,1.1007897853851318,0.26596476634343463,0.1917166856858967,3.676083564758301
primary,23,1,37,2560,1,32840,29408,980,2452,1;2;4;8,0,500,750,1.0700780153274536,-0.03740529219309489,0.16622824101988298,2.3669018745422363
primary,23,2,11,2560,1,49260,44112,1470,3678,3;5;6;9;10;12,0,475,725,1.073126196861267,0.014734784762064615,0.04548439924193877,1.7260695695877075
primary,23,2,23,2560,1,49260,44112,1470,3678,3;5;6;9;10;12,0,600,850,1.0805953741073608,0.14728711048762003,0.055544789285858806,2.6896889209747314
primary,23,2,37,2560,1,49260,44112,1470,3678,3;5;6;9;10;12,0,500,750,1.1188479661941528,0.13449300328890482,0.0471214452804972,1.8777706623077393
primary,23,3,11,2560,1,32840,29408,980,2452,7;11;13;14,0,275,525,0.48298871517181396,-0.0676633541782697,0.029833930192334292,0.2522614598274231
primary,23,3,23,2560,1,32840,29408,980,2452,7;11;13;14,0,250,500,0.3949231505393982,-0.11338334282239278,0.02535384677829248,0.3048475682735443
primary,23,3,37,2560,1,32840,29408,980,2452,7;11;13;14,0,300,550,0.26524221897125244,-0.362562358379364,0.04470403141703298,0.42942649126052856
primary,23,4,11,2560,1,8210,7352,245,613,15,0,50,300,-0.015170196071267128,-0.0008316409463683764,0.00032013989049974793,0.00012952927500009537
primary,23,4,23,2560,1,8210,7352,245,613,15,0,50,300,-0.0019380301237106323,-2.483526865641276e-06,0.00036826767063200883,0.0002709031105041504
primary,23,4,37,2560,1,8210,7352,245,613,15,0,50,300,-0.0014118701219558716,-0.0005462765693664551,0.0009416098424908562,4.937499761581421e-05
primary,24,1,11,2560,1,32840,29408,980,2452,1;2;4;8,0,550,800,0.9972200393676758,0.36840687195460003,0.08765548508820195,2.872889280319214
primary,24,1,23,2560,1,32840,29408,980,2452,1;2;4;8,0,525,775,0.8732380867004395,0.7323299249013265,0.04510459281796022,3.271841049194336
primary,24,1,37,2560,1,32840,29408,980,2452,1;2;4;8,0,500,750,0.7947860211133957,-0.050642430782318115,0.13995444169990845,2.5914463996887207
primary,24,2,11,2560,1,49260,44112,1470,3678,3;5;6;9;10;12,0,825,1000,1.3880140781402588,-0.42181626955668133,0.0361391670603703,2.5883536338806152
primary,24,2,23,2560,1,49260,44112,1470,3678,3;5;6;9;10;12,0,750,1000,1.2199286222457886,-0.5562637249628702,0.03541487036818219,2.277475357055664
primary,24,2,37,2560,1,49260,44112,1470,3678,3;5;6;9;10;12,0,600,850,1.3627527952194214,-0.2583020528157552,0.05845914068258935,2.206653594970703
primary,24,3,11,2560,1,32840,29408,980,2452,7;11;13;14,0,300,550,0.4551786184310913,-0.20588685075441995,0.03467788289503442,0.27976760268211365
primary,24,3,23,2560,1,32840,29408,980,2452,7;11;13;14,0,275,525,0.3965056538581848,-0.29845428466796875,0.029316039269516585,0.2719458341598511
primary,24,3,37,2560,1,32840,29408,980,2452,7;11;13;14,0,300,550,0.4560469016432762,-0.4286384582519531,0.03687842975687344,0.32530391216278076
primary,24,4,11,2560,1,8210,7352,245,613,15,0,50,300,-0.0028313063085079193,-0.00033930564920107525,0.0007163283156187653,-0.0002169199287891388
primary,24,4,23,2560,1,8210,7352,245,613,15,0,50,300,-0.0015693753957748413,-0.00010361274083455403,0.0003720854449450648,0.00017596781253814697
primary,24,4,37,2560,1,8210,7352,245,613,15,0,25,275,-0.0019497275352478027,-0.0005648806691169739,0.0003198139153600213,8.08611512184143e-05
primary,25,1,11,2560,1,32840,29408,980,2452,1;2;4;8,0,600,850,1.028944492340088,0.5954681038856506,0.052947481674747436,3.4047131538391113
primary,25,1,23,2560,1,32840,29408,980,2452,1;2;4;8,0,300,550,0.7571108937263489,1.0698529879252117,0.013948215391327807,2.0182595252990723
primary,25,1,37,2560,1,32840,29408,980,2452,1;2;4;8,0,425,675,0.9706436395645142,0.7811054786046346,0.041234104232791655,3.0806260108947754
primary,25,2,11,2560,1,49260,44112,1470,3678,3;5;6;9;10;12,0,450,700,1.1729316711425781,-0.07672117153803508,0.028896286996927194,1.656881332397461
primary,25,2,23,2560,1,49260,44112,1470,3678,3;5;6;9;10;12,0,625,875,1.1994552612304688,-0.04542116324106852,0.027620316002351892,2.419830322265625
primary,25,2,37,2560,1,49260,44112,1470,3678,3;5;6;9;10;12,0,750,1000,1.0222386121749878,0.07361231247584026,0.05410427779647571,2.7201764583587646
primary,25,3,11,2560,1,32840,29408,980,2452,7;11;13;14,0,250,500,0.4169352054595947,-0.14005827903747559,0.03001629754696613,0.2632541060447693
primary,25,3,23,2560,1,32840,29408,980,2452,7;11;13;14,0,500,750,0.5179362520575523,-1.0614990790685017,0.03215818263427989,0.5700112581253052
primary,25,3,37,2560,1,32840,29408,980,2452,7;11;13;14,0,300,550,0.5476295948028564,-0.2867719233036041,0.030322831764696623,0.38015130162239075
primary,25,4,11,2560,1,8210,7352,245,613,15,0,75,325,-0.0073892101645469666,-0.0005129321167866389,0.0007647460873898646,-0.0003007128834724426
primary,25,4,23,2560,1,8210,7352,245,613,15,0,50,300,-0.001284971833229065,-0.0002315292755762736,0.0003592350573509858,-5.905330181121826e-05
primary,25,4,37,2560,1,8210,7352,245,613,15,0,50,300,-0.0014446526765823364,-0.0007699926694234213,0.0008051589173639616,-0.0001157224178314209
primary,26,1,11,2560,1,32840,29408,980,2452,1;2;4;8,0,375,625,0.617412805557251,0.9406462907791138,0.03819472212712362,2.095252513885498
primary,26,1,23,2560,1,32840,29408,980,2452,1;2;4;8,0,575,825,0.4475201368331909,0.7036581436793009,0.18481976268782352,3.3949151039123535
primary,26,1,37,2560,1,32840,29408,980,2452,1;2;4;8,0,300,550,0.5289338827133179,1.1235984961191814,0.004018660422863762,1.9396560192108154
primary,26,2,11,2560,1,49260,44112,1470,3678,3;5;6;9;10;12,0,550,800,1.5358988046646118,0.21377875407536825,0.05077845366180274,2.348090887069702
primary,26,2,23,2560,1,49260,44112,1470,3678,3;5;6;9;10;12,0,425,675,1.2608767747879028,0.24510755141576132,0.043942694040190626,1.9629619121551514
primary,26,2,37,2560,1,49260,44112,1470,3678,3;5;6;9;10;12,0,900,1000,1.3979310989379883,-0.2848804791768392,0.0532248817266898,2.7490715980529785
primary,26,3,11,2560,1,32840,29408,980,2452,7;11;13;14,0,675,925,0.525963306427002,-0.9669238328933716,0.04245329330238421,0.6139644384384155
primary,26,3,23,2560,1,32840,29408,980,2452,7;11;13;14,0,275,525,0.5300228595733643,-0.30751262108484906,0.02928003451286636,0.22725176811218262
primary,26,3,37,2560,1,32840,29408,980,2452,7;11;13;14,0,325,575,0.6703466176986694,-0.2944849530855815,0.03188332789740796,0.4298933148384094
primary,26,4,11,2560,1,8210,7352,245,613,15,0,75,325,-0.002174423076212406,-0.00036565012608965236,0.0010738203204006872,-0.000174766406416893
primary,26,4,23,2560,1,8210,7352,245,613,15,0,50,300,-0.002177789807319641,7.401903470357259e-05,0.0003661742691495197,9.992718696594238e-05
primary,26,4,37,2560,1,8210,7352,245,613,15,0,50,300,-0.0027887150645256042,-0.0007040326793988546,0.0007237277380616071,-0.0002555474638938904
primary,27,1,11,2560,1,32840,29408,980,2452,1;2;4;8,0,475,725,0.9614564627408981,0.9859330157438914,0.0663737139123184,2.7850236892700195
primary,27,1,23,2560,1,32840,29408,980,2452,1;2;4;8,0,475,725,0.7282150983810425,0.8863512674967448,0.1159869380279762,3.0349929332733154
primary,27,1,37,2560,1,32840,29408,980,2452,1;2;4;8,0,475,725,0.7376408576965332,0.527564267317454,0.14290901406286602,2.7999939918518066
primary,27,2,11,2560,1,49260,44112,1470,3678,3;5;6;9;10;12,0,725,975,1.3342883586883545,-0.06697680552800496,0.04872456362320751,2.7488105297088623
primary,27,2,23,2560,1,49260,44112,1470,3678,3;5;6;9;10;12,0,850,1000,1.3287334442138672,0.014660378297170004,0.05575372299975969,3.1448259353637695
primary,27,2,37,2560,1,49260,44112,1470,3678,3;5;6;9;10;12,0,775,1000,1.6330490112304688,-0.22334039211273193,0.07671923248102683,2.530642509460449
primary,27,3,11,2560,1,32840,29408,980,2452,7;11;13;14,0,600,850,0.6795818209648132,-0.8119104305903116,0.050993819334258755,0.554985761642456
primary,27,3,23,2560,1,32840,29408,980,2452,7;11;13;14,0,425,675,0.5281588435173035,-0.4038328528404236,0.04021584191610146,0.5487567782402039
primary,27,3,37,2560,1,32840,29408,980,2452,7;11;13;14,0,375,625,0.5934085249900818,-0.6368281841278076,0.04320707786740095,0.3936901092529297
primary,27,4,11,2560,1,8210,7352,245,613,15,0,75,325,-0.0005839206278324127,-0.0007951781153678894,0.0006985228609548515,0.00011499971151351929
primary,27,4,23,2560,1,8210,7352,245,613,15,0,25,275,-0.0007689297199249268,-0.0006027022997538248,3.377970506497105e-05,8.450448513031006e-05
primary,27,4,37,2560,1,8210,7352,245,613,15,0,50,300,-0.0016149133443832397,-0.00043684492508570355,0.0006946073788087103,6.28158450126648e-05
primary,28,1,11,2560,1,32840,29408,980,2452,1;2;4;8,0,600,850,1.0967478454113007,0.3132988214492798,0.08884098273918296,3.263737201690674
primary,28,1,23,2560,1,32840,29408,980,2452,1;2;4;8,0,675,925,1.0556323528289795,0.48965855439503986,0.10882560155329468,4.042617321014404
primary,28,1,37,2560,1,32840,29408,980,2452,1;2;4;8,0,525,775,1.0357985496520996,0.5519474546114603,0.05056714665474642,3.278144359588623
primary,28,2,11,2560,1,49260,44112,1470,3678,3;5;6;9;10;12,0,500,750,1.7955175638198853,-0.11173645655314128,0.033491127594990046,1.9229373931884766
primary,28,2,23,2560,1,49260,44112,1470,3678,3;5;6;9;10;12,0,750,1000,2.151086926460266,-0.027390678723653156,0.029183463419752444,2.910820484161377
primary,28,2,37,2560,1,49260,44112,1470,3678,3;5;6;9;10;12,0,975,1000,2.1755400896072388,-0.3698232173919678,0.07382412130612108,3.4521374702453613
primary,28,3,11,2560,1,32840,29408,980,2452,7;11;13;14,0,375,625,0.6073665618896484,-0.38002405563990277,0.026831653973038067,0.38824182748794556
primary,28,3,23,2560,1,32840,29408,980,2452,7;11;13;14,0,450,700,0.4679504632949829,-0.5917403896649679,0.03588007996641596,0.5264223217964172
primary,28,3,37,2560,1,32840,29408,980,2452,7;11;13;14,0,500,750,0.5193261504173279,-0.6121192375818888,0.04496766310677336,0.5950791835784912
primary,28,4,11,2560,1,8210,7352,245,613,15,0,50,300,-0.0015974082052707672,-0.00010047829709947109,0.00040270441325735096,0.0003517806762829423
primary,28,4,23,2560,1,8210,7352,245,613,15,0,50,300,-0.001438237726688385,-0.0002543876568476359,0.00013776129102356196,0.00019691139459609985
primary,28,4,37,2560,1,8210,7352,245,613,15,0,50,300,0.0006716921925544739,5.823870499928792e-06,0.0006566163336905403,0.00011453032493591309
primary,29,1,11,2560,1,32840,29408,980,2452,1;2;4;8,0,525,775,0.7256744503974915,0.25369004408518475,0.045187704447042225,2.859649181365967
primary,29,1,23,2560,1,32840,29408,980,2452,1;2;4;8,0,550,800,0.7239242792129517,0.2918187777201335,0.04070154441605338,2.7894577980041504
primary,29,1,37,2560,1,32840,29408,980,2452,1;2;4;8,0,300,550,0.6292072534561157,1.043421467145284,0.05636468617826668,1.7247518301010132
primary,29,2,11,2560,1,49260,44112,1470,3678,3;5;6;9;10;12,0,650,900,1.3619344234466553,0.014850238958994547,0.0488992211560117,2.4809417724609375
primary,29,2,23,2560,1,49260,44112,1470,3678,3;5;6;9;10;12,0,650,900,1.3621389865875244,0.005363047122955322,0.026023596268974658,2.793381929397583
primary,29,2,37,2560,1,49260,44112,1470,3678,3;5;6;9;10;12,0,775,1000,1.6176106929779053,0.07644871870676677,0.02855966402559076,3.1490941047668457
primary,29,3,11,2560,1,32840,29408,980,2452,7;11;13;14,0,375,625,0.4946795478463173,-0.4521716833114624,0.017984855584947678,0.4592381715774536
primary,29,3,23,2560,1,32840,29408,980,2452,7;11;13;14,0,400,650,0.542739637196064,-0.516779621442159,0.023384134892594853,0.4071747064590454
primary,29,3,37,2560,1,32840,29408,980,2452,7;11;13;14,0,350,600,0.5719396471977234,-0.36747246980667114,0.022350974982353906,0.4188750386238098
primary,29,4,11,2560,1,8210,7352,245,613,15,0,50,300,-0.0011372538428986445,-0.0005285117464760939,0.0005368180309627146,0.00020209280773997307
primary,29,4,23,2560,1,8210,7352,245,613,15,0,50,300,0.00010912120342254639,4.7519803047180176e-05,0.00027441785122886094,2.1964311599731445e-05
primary,29,4,37,2560,1,8210,7352,245,613,15,0,50,300,-0.0019069686532020569,-0.0007425645987192789,0.00026177931735564655,-0.0001434534788131714
null_control,30,1,11,2560,1,32840,29408,980,2452,1;2;4;8,1,475,725,0.7972910404205322,0.8218757112820944,0.07258988266707284,2.4272305965423584
null_control,30,1,23,2560,1,32840,29408,980,2452,1;2;4;8,1,550,800,0.5995230674743652,0.3884107271830241,0.09244625157975424,2.7137887477874756
null_control,30,1,37,2560,1,32840,29408,980,2452,1;2;4;8,1,525,775,0.5635052248835564,0.5109956512848536,0.03398328768559512,2.5212647914886475
primary,30,1,11,2560,1,32840,29408,980,2452,1;2;4;8,0,400,650,0.6460266709327698,0.93707275390625,0.07452592572667496,2.524092674255371
primary,30,1,23,2560,1,32840,29408,980,2452,1;2;4;8,0,400,650,0.642791748046875,0.7884778181711832,0.07487787395637961,2.252896308898926
primary,30,1,37,2560,1,32840,29408,980,2452,1;2;4;8,0,300,550,0.7736788988113403,1.0234272877375286,0.021350967629659538,2.1049439907073975
null_control,30,2,11,2560,1,49260,44112,1470,3678,3;5;6;9;10;12,1,375,625,1.1197552680969238,0.40289413928985596,0.014205469990087491,1.6136151552200317
null_control,30,2,23,2560,1,49260,44112,1470,3678,3;5;6;9;10;12,1,600,850,1.2534990310668945,0.24714056650797525,0.02004926587374823,2.2024800777435303
null_control,30,2,37,2560,1,49260,44112,1470,3678,3;5;6;9;10;12,1,775,1000,1.3960291147232056,-0.25672324498494464,0.03899305950885739,2.3865301609039307
primary,30,2,11,2560,1,49260,44112,1470,3678,3;5;6;9;10;12,0,925,1000,1.2936865091323853,-0.29065823554992676,0.08603646118645707,3.1770873069763184
primary,30,2,23,2560,1,49260,44112,1470,3678,3;5;6;9;10;12,0,475,725,1.1894065141677856,0.0709022084871928,0.027864011967064343,2.1210262775421143
primary,30,2,37,2560,1,49260,44112,1470,3678,3;5;6;9;10;12,0,775,1000,1.2354190349578857,0.026816805203755695,0.03970530980662506,2.972893714904785
null_control,30,3,11,2560,1,32840,29408,980,2452,7;11;13;14,1,475,725,0.5108830332756042,-0.32318538427352905,0.0413803336729539,0.6650212407112122
null_control,30,3,23,2560,1,32840,29408,980,2452,7;11;13;14,1,425,675,0.5085629224777222,-0.3801667094230652,0.06121292976354487,0.7081939578056335
null_control,30,3,37,2560,1,32840,29408,980,2452,7;11;13;14,1,600,850,0.413249671459198,-0.6502827604611715,0.03936675094966311,0.8008031249046326
primary,30,3,11,2560,1,32840,29408,980,2452,7;11;13;14,0,325,575,0.5742418766021729,-0.22896325588226318,0.03009147186127969,0.3839108943939209
primary,30,3,23,2560,1,32840,29408,980,2452,7;11;13;14,0,425,675,0.5203001499176025,-0.4455321431159973,0.02703127431711028,0.43154770135879517
primary,30,3,37,2560,1,32840,29408,980,2452,7;11;13;14,0,350,600,0.5122905969619751,-0.4117806951204936,0.03070704503885523,0.2772461175918579
null_control,30,4,11,2560,1,8210,7352,245,613,15,1,50,300,-0.0022802194580435753,-0.001157790111998717,0.00019633774412214228,-0.0003542741760611534
null_control,30,4,23,2560,1,8210,7352,245,613,15,1,75,325,0.0002441108226776123,-0.002850845456123352,0.0008940332617233605,-0.002601638436317444
null_control,30,4,37,2560,1,8210,7352,245,613,15,1,100,350,0.0011318251490592957,-0.013186221321423849,0.003930663779985954,0.0010580569505691528
primary,30,4,11,2560,1,8210,7352,245,613,15,0,50,300,-0.002834359183907509,-0.0005030008809020122,0.00026075155478270435,1.8068705685436726e-05
primary,30,4,23,2560,1,8210,7352,245,613,15,0,50,300,8.87066125869751e-05,-0.00010650356610616048,0.0004252959476012571,-0.00017414987087249756
primary,30,4,37,2560,1,8210,7352,245,613,15,0,50,300,-0.0015148073434829712,-0.0005520731210708618,0.0005469286867807471,-0.00038444995880126953
