derangement_seed,permutation_set_sha256,layer,order_k,score_mean,critic_seed_sd,score_min,score_max,mean_best_val,mean_best_step,mean_final_training_step
101,c746ed9f481973f7aca7e9a79d9de7f4874a7f586b43330867aa4b53c6da9364,0,1,0.7958341108428106,0.019307187582883488,0.7766483227411906,0.8152604500452677,0.48786012331644696,883.3333333333334,991.6666666666666
211,86c72d3ebf4e5e9cfa983db66d2c602fcc8f8e279190914e12f50dd245f5cfef,0,1,0.8130227194892035,0.053135095710226184,0.7602657477060953,0.8665280342102051,0.5026005481680235,816.6666666666666,983.3333333333334
307,0e0ba419da45ce00e33c0656f1769037c7004306a8d3a6de37feef432827ab62,0,1,0.7133348915312024,0.05796248134459407,0.6535199880599976,0.7692477703094482,0.48059850682814914,791.6666666666666,933.3333333333334
401,8cf0f34d95978e8594e37a5be04faa8cfec02dbff17236c5ad0c704b602b4eee,0,1,0.7033888896306356,0.047054534753134335,0.6510627071062723,0.7422250707944235,0.4971577227115631,766.6666666666666,958.3333333333334
503,c65329b922ba0c066a2ff216adbe77794830b0df6d33b67d71aa86b940bef9a9,0,1,0.7631502879990473,0.08566335381506371,0.6960285504659017,0.8596334457397461,0.512323131163915,866.6666666666666,1000.0
101,c746ed9f481973f7aca7e9a79d9de7f4874a7f586b43330867aa4b53c6da9364,0,2,-7.636845111846924e-07,8.232554422354186e-07,-1.430511474609375e-06,1.564621925354004e-07,1.9371509552001953e-07,25.0,275.0
211,86c72d3ebf4e5e9cfa983db66d2c602fcc8f8e279190914e12f50dd245f5cfef,0,2,-4.6814481417338055e-07,1.3088092330096203e-07,-6.109476089477539e-07,-3.5390257835388184e-07,8.630255858103435e-08,25.0,275.0
307,0e0ba419da45ce00e33c0656f1769037c7004306a8d3a6de37feef432827ab62,0,2,-8.642673492431641e-07,2.5981062314156735e-07,-1.1622905731201172e-06,-6.854534149169922e-07,-1.4280279477437338e-07,25.0,275.0
401,8cf0f34d95978e8594e37a5be04faa8cfec02dbff17236c5ad0c704b602b4eee,0,2,-8.263935645421346e-07,7.963855455037126e-07,-1.4826655387878418e-06,5.960464477539063e-08,-8.381903171539307e-09,25.0,275.0
503,c65329b922ba0c066a2ff216adbe77794830b0df6d33b67d71aa86b940bef9a9,0,2,-3.6383668581644696e-07,8.399132178766457e-08,-4.507601261138916e-07,-2.8312206268310547e-07,1.6887982686360678e-07,25.0,275.0
101,c746ed9f481973f7aca7e9a79d9de7f4874a7f586b43330867aa4b53c6da9364,0,3,7.82310962677002e-08,1.3291510026835853e-07,-6.705522537231445e-08,1.9371509552001953e-07,1.2293457984924316e-07,25.0,275.0
211,86c72d3ebf4e5e9cfa983db66d2c602fcc8f8e279190914e12f50dd245f5cfef,0,3,-3.5721394750807025e-07,1.9249469457365736e-07,-5.513429641723633e-07,-1.6639629999796549e-07,9.437402089436849e-08,25.0,275.0
307,0e0ba419da45ce00e33c0656f1769037c7004306a8d3a6de37feef432827ab62,0,3,-2.247591813405355e-07,3.185141359569351e-07,-5.885958671569824e-07,3.725290298461914e-09,1.5770395596822104e-07,25.0,275.0
401,8cf0f34d95978e8594e37a5be04faa8cfec02dbff17236c5ad0c704b602b4eee,0,3,2.483526865641276e-09,2.7960365636144333e-08,-2.9802322387695312e-08,1.862645149230957e-08,-1.465280850728353e-07,25.0,275.0
503,c65329b922ba0c066a2ff216adbe77794830b0df6d33b67d71aa86b940bef9a9,0,3,-2.3593505223592123e-07,9.012841836424695e-08,-3.0547380447387695e-07,-1.341104507446289e-07,9.313225746154785e-08,25.0,275.0
101,c746ed9f481973f7aca7e9a79d9de7f4874a7f586b43330867aa4b53c6da9364,0,4,-3.005067507425944e-07,1.1405311528051928e-07,-4.3213367462158203e-07,-2.3096799850463867e-07,-2.483526865641276e-09,25.0,275.0
211,86c72d3ebf4e5e9cfa983db66d2c602fcc8f8e279190914e12f50dd245f5cfef,0,4,-1.6267100969950357e-07,1.6426516802919778e-07,-3.0919909477233887e-07,1.4901161193847656e-08,9.189049402872722e-08,25.0,275.0
307,0e0ba419da45ce00e33c0656f1769037c7004306a8d3a6de37feef432827ab62,0,4,-3.986060619354248e-07,3.575308427223852e-07,-7.003545761108398e-07,-3.725290298461914e-09,-3.3527612686157227e-08,25.0,275.0
401,8cf0f34d95978e8594e37a5be04faa8cfec02dbff17236c5ad0c704b602b4eee,0,4,6.705522537231445e-08,3.3077557206784356e-07,-3.129243850708008e-07,2.905726432800293e-07,2.5331974029541016e-07,25.0,275.0
503,c65329b922ba0c066a2ff216adbe77794830b0df6d33b67d71aa86b940bef9a9,0,4,-2.0489096641540527e-07,3.0744367412426015e-07,-4.0605664253234863e-07,1.4901161193847656e-07,1.4466543992360434e-07,25.0,275.0
101,c746ed9f481973f7aca7e9a79d9de7f4874a7f586b43330867aa4b53c6da9364,15,1,0.8754324250751071,0.014532219815796686,0.8599199056625366,0.8887300491333008,0.6016961932182312,666.6666666666666,875.0
211,86c72d3ebf4e5e9cfa983db66d2c602fcc8f8e279190914e12f50dd245f5cfef,15,1,0.9249420033560859,0.03014146816999005,0.8961328665415446,0.9562590916951498,0.658135453859965,858.3333333333334,983.3333333333334
307,0e0ba419da45ce00e33c0656f1769037c7004306a8d3a6de37feef432827ab62,15,1,0.9314723014831543,0.06516039652715591,0.8562765518824259,0.9713233311971029,0.7146270275115967,833.3333333333334,983.3333333333334
401,8cf0f34d95978e8594e37a5be04faa8cfec02dbff17236c5ad0c704b602b4eee,15,1,0.8509963750839233,0.06902428972482644,0.7729612588882446,0.9040582577387491,0.5597596367200216,675.0,925.0
503,c65329b922ba0c066a2ff216adbe77794830b0df6d33b67d71aa86b940bef9a9,15,1,0.8726129598087735,0.08936605204068879,0.7969551086425781,0.9712136586507162,0.6176278193791708,891.6666666666666,1000.0
101,c746ed9f481973f7aca7e9a79d9de7f4874a7f586b43330867aa4b53c6da9364,15,2,0.5560881230566236,0.04759532857849464,0.5012201269467672,0.5862502257029215,0.8553627530733744,683.3333333333334,908.3333333333334
211,86c72d3ebf4e5e9cfa983db66d2c602fcc8f8e279190914e12f50dd245f5cfef,15,2,0.5859017703268264,0.018015158028665622,0.5743921001752218,0.6066629886627197,0.9128694335619608,666.6666666666666,916.6666666666666
307,0e0ba419da45ce00e33c0656f1769037c7004306a8d3a6de37feef432827ab62,15,2,0.5543352299266391,0.012720664267540382,0.5419566829999288,0.5673724214235941,0.8288946151733398,650.0,850.0
401,8cf0f34d95978e8594e37a5be04faa8cfec02dbff17236c5ad0c704b602b4eee,15,2,0.5985286831855774,0.010934281020455395,0.5879347721735636,0.6097741921742758,0.9983313083648682,925.0,1000.0
503,c65329b922ba0c066a2ff216adbe77794830b0df6d33b67d71aa86b940bef9a9,15,2,0.5737817684809366,0.017135617911758,0.556904673576355,0.5911647081375122,0.9137647946675619,750.0,941.6666666666666
101,c746ed9f481973f7aca7e9a79d9de7f4874a7f586b43330867aa4b53c6da9364,15,3,0.10131132271554734,0.018103903999149712,0.08318584163983662,0.11939357221126556,0.48018203179041546,766.6666666666666,908.3333333333334
211,86c72d3ebf4e5e9cfa983db66d2c602fcc8f8e279190914e12f50dd245f5cfef,15,3,0.1046770562728246,0.005775900487912542,0.09898607929547627,0.11053429047266643,0.45382198691368103,575.0,816.6666666666666
307,0e0ba419da45ce00e33c0656f1769037c7004306a8d3a6de37feef432827ab62,15,3,0.07019485036532085,0.014712864841666711,0.06115123629570007,0.08717170357704163,0.46747742344935733,833.3333333333334,983.3333333333334
401,8cf0f34d95978e8594e37a5be04faa8cfec02dbff17236c5ad0c704b602b4eee,15,3,0.08386129803127712,0.018826381850876137,0.06526382764180501,0.10290853182474773,0.4514000018437703,633.3333333333334,833.3333333333334
503,c65329b922ba0c066a2ff216adbe77794830b0df6d33b67d71aa86b940bef9a9,15,3,0.08817014346520106,0.01411999536920799,0.07623961567878723,0.10375939557949702,0.46285612384478253,608.3333333333334,858.3333333333334
101,c746ed9f481973f7aca7e9a79d9de7f4874a7f586b43330867aa4b53c6da9364,15,4,-0.003259877363840739,0.0034055931532813765,-0.007038985689481099,-0.0004286120335261027,-0.001589829723040263,200.0,450.0
211,86c72d3ebf4e5e9cfa983db66d2c602fcc8f8e279190914e12f50dd245f5cfef,15,4,-0.00165310295091735,0.002066768552913358,-0.00403936579823494,-0.0004309117794036865,-0.0016004977126916249,116.66666666666667,366.6666666666667
307,0e0ba419da45ce00e33c0656f1769037c7004306a8d3a6de37feef432827ab62,15,4,-0.0029334318306710985,0.003397046019176993,-0.006805474559466044,-0.00045391668876012165,-0.0018411303559939067,175.0,425.0
401,8cf0f34d95978e8594e37a5be04faa8cfec02dbff17236c5ad0c704b602b4eee,15,4,-0.001938059512111876,0.0024134660213799737,-0.00472303107380867,-0.00045743584632873535,-0.0014610930035511653,166.66666666666666,416.6666666666667
503,c65329b922ba0c066a2ff216adbe77794830b0df6d33b67d71aa86b940bef9a9,15,4,-0.0022539554370774166,0.00273739974223623,-0.005389571189880371,-0.0003407597541809082,-0.001403103272120158,191.66666666666666,441.6666666666667
101,c746ed9f481973f7aca7e9a79d9de7f4874a7f586b43330867aa4b53c6da9364,30,1,0.8799700207180448,0.06117239616741154,0.8211793899536133,0.9432741602261862,0.6222010254859924,758.3333333333334,925.0
211,86c72d3ebf4e5e9cfa983db66d2c602fcc8f8e279190914e12f50dd245f5cfef,30,1,0.8615329265594482,0.06518783181759472,0.7930132548014323,0.9227787653605143,0.655992309252421,808.3333333333334,1000.0
307,0e0ba419da45ce00e33c0656f1769037c7004306a8d3a6de37feef432827ab62,30,1,0.8975089126163058,0.09641104185850334,0.7886253992716471,0.9720348517100016,0.698174794514974,841.6666666666666,991.6666666666666
401,8cf0f34d95978e8594e37a5be04faa8cfec02dbff17236c5ad0c704b602b4eee,30,1,0.8016977310180664,0.049312820019530114,0.7450941801071167,0.8353644609451294,0.582172634700934,816.6666666666666,958.3333333333334
503,c65329b922ba0c066a2ff216adbe77794830b0df6d33b67d71aa86b940bef9a9,30,1,0.8612879051102533,0.1292176659741039,0.7667541106541952,1.008528431256612,0.60818878809611,766.6666666666666,950.0
101,c746ed9f481973f7aca7e9a79d9de7f4874a7f586b43330867aa4b53c6da9364,30,2,0.5861839652061462,0.04807531721687312,0.539569099744161,0.6355974674224854,0.9337804913520813,758.3333333333334,991.6666666666666
211,86c72d3ebf4e5e9cfa983db66d2c602fcc8f8e279190914e12f50dd245f5cfef,30,2,0.6019729640748767,0.052808431964965964,0.5479964216550192,0.6535301208496094,0.9340336918830872,700.0,933.3333333333334
307,0e0ba419da45ce00e33c0656f1769037c7004306a8d3a6de37feef432827ab62,30,2,0.5735143356853061,0.037316633185922266,0.5312846899032593,0.6020469665527344,0.9429075717926025,700.0,866.6666666666666
401,8cf0f34d95978e8594e37a5be04faa8cfec02dbff17236c5ad0c704b602b4eee,30,2,0.570933527416653,0.03367354541183606,0.5430785814921061,0.6083553433418274,0.9994580348332723,750.0,975.0
503,c65329b922ba0c066a2ff216adbe77794830b0df6d33b67d71aa86b940bef9a9,30,2,0.5589299268192714,0.042098249369359804,0.5135029355684916,0.5966285467147827,0.9509810209274292,758.3333333333334,908.3333333333334
101,c746ed9f481973f7aca7e9a79d9de7f4874a7f586b43330867aa4b53c6da9364,30,3,0.12561262978447807,0.009400989879163811,0.11796383559703827,0.13610790173212686,0.5033463537693024,941.6666666666666,1000.0
211,86c72d3ebf4e5e9cfa983db66d2c602fcc8f8e279190914e12f50dd245f5cfef,30,3,0.12172575957245296,0.007733120400090581,0.11286658545335133,0.12712355454762778,0.46565298239390057,691.6666666666666,875.0
307,0e0ba419da45ce00e33c0656f1769037c7004306a8d3a6de37feef432827ab62,30,3,0.12160209980275898,0.006735660742619557,0.11384196082750957,0.12593417366345724,0.41137170791625977,483.3333333333333,733.3333333333334
401,8cf0f34d95978e8594e37a5be04faa8cfec02dbff17236c5ad0c704b602b4eee,30,3,0.10041402363114887,0.019337179028919987,0.08486595253149669,0.12206680576006572,0.44754737615585327,733.3333333333334,900.0
503,c65329b922ba0c066a2ff216adbe77794830b0df6d33b67d71aa86b940bef9a9,30,3,0.11746158699194591,0.004567429600808591,0.11435192823410034,0.12270544469356537,0.4155111809571584,566.6666666666666,816.6666666666666
101,c746ed9f481973f7aca7e9a79d9de7f4874a7f586b43330867aa4b53c6da9364,30,4,-0.00032891167534722225,0.000162355757097357,-0.0004903525114059448,-0.0001656562089920044,-0.0007275007665157318,75.0,325.0
211,86c72d3ebf4e5e9cfa983db66d2c602fcc8f8e279190914e12f50dd245f5cfef,30,4,-0.000299306172463629,5.893152611653688e-05,-0.00035844991604487103,-0.00024058918158213297,-0.0007804549920062224,58.333333333333336,308.3333333333333
307,0e0ba419da45ce00e33c0656f1769037c7004306a8d3a6de37feef432827ab62,30,4,-0.0003647086107068592,8.692116686570035e-05,-0.0004520844668149948,-0.0002782493829727173,-0.0007189472671598196,58.333333333333336,308.3333333333333
401,8cf0f34d95978e8594e37a5be04faa8cfec02dbff17236c5ad0c704b602b4eee,30,4,-0.00017113683538304435,0.0002029950926601189,-0.00035023937622706097,4.9367547035217285e-05,-0.0005390263395383954,183.33333333333334,433.3333333333333
503,c65329b922ba0c066a2ff216adbe77794830b0df6d33b67d71aa86b940bef9a9,30,4,-0.0004633901019891103,0.00020036460299415772,-0.0006916113197803497,-0.00031638145446777344,-0.0006253601362307867,91.66666666666667,341.6666666666667
