layer,order_k,subset_mask,primary_score_mean,primary_critic_seed_sd,primary_score_min,primary_score_max,mean_best_val,mean_best_step,random_null_mean,random_null_sd_across_derangements,random_null_min,random_null_max,random_null_derangements_ge_primary,n_derangements,primary_minus_random_null_mean
0,1,1,-0.0019276818881432218,0.0018333566903065207,-0.003432085116704305,0.00011439373095830281,-0.00358017161488533,25.0,-0.0020328930786086457,0.0002836871622453061,-0.0023164079628056953,-0.0016146058009730447,1,5,0.00010521119046542383
0,1,2,-0.9341839889271393,1.6156839612302982,-2.799815018971761,-0.000814057265718778,0.09444477533300717,258.3333333333333,-0.001302327174279425,8.260861245937028e-05,-0.0014230322558432817,-0.0012081458957658873,5,5,-0.9328816617528598
0,1,4,-0.0011110870788494747,0.0020288792433822683,-0.0034235616525014243,0.00037026094893614453,-0.0006404045658806959,33.333333333333336,-0.0010607274792467554,0.0006640975996704219,-0.002214520134859615,-0.0005922436248511076,4,5,-5.035959960271929e-05
0,1,8,-0.23344703308410117,0.1602916333560971,-0.39929652214050293,-0.07936142881711324,0.04682269195715586,233.33333333333334,-0.0024812478158209054,0.0002605637579258382,-0.0028272842367490134,-0.002118163224723604,5,5,-0.23096578526828027
0,2,3,-3.1458006964789496e-07,3.8820419336998984e-08,-3.501772880554199e-07,-2.7318795522054035e-07,1.8129746119181314e-07,25.0,-1.8506414360470244e-07,1.2747665838100932e-07,-4.0771232710944286e-07,-8.50607951482137e-08,4,5,-1.2951592604319252e-07
0,2,5,-5.339582761128744e-08,1.6213931058589664e-07,-2.123415470123291e-07,1.1175870895385742e-07,8.692344029744467e-09,25.0,-1.2334850099351672e-08,8.182531124632832e-08,-1.1134478780958388e-07,1.1589792039659288e-07,4,5,-4.1060977511935764e-08
0,2,6,-6.270905335744222e-08,4.4399902285063835e-07,-4.917383193969727e-07,3.948807716369629e-07,1.3907750447591147e-07,25.0,-4.4434434837765167e-07,3.392732124474723e-07,-9.80993111928304e-07,-1.1672576268513997e-07,0,5,3.8163529502020947e-07
0,2,9,-3.0671556790669757e-07,1.395037076060172e-07,-4.3213367462158203e-07,-1.564621925354004e-07,-8.568167686462402e-08,25.0,-1.5613105561998155e-07,1.1875656597612648e-07,-3.257559405432807e-07,-4.139211442735459e-08,4,5,-1.5058451228671602e-07
0,2,10,1.0865430037180582e-08,3.1039785916840856e-07,-3.427267074584961e-07,2.384185791015625e-07,4.967053731282552e-08,25.0,-1.856436332066854e-07,1.4640014044219794e-07,-3.667341338263618e-07,-3.311369154188368e-08,0,5,1.9650906324386597e-07
0,2,12,-1.7798609203762479e-07,1.43407996802476e-07,-3.3279259999593097e-07,-4.967053731282552e-08,2.7939677238464355e-07,25.0,-1.8618173069424098e-07,1.175256911316664e-07,-3.489355246225993e-07,-6.2916013929579e-08,3,5,8.195638656616195e-09
0,3,7,-2.8601951069302027e-07,2.2376678127625553e-07,-5.202988783518473e-07,-7.450580596923828e-08,1.0927518208821614e-07,25.0,-1.9491546683841284e-07,1.1560803480601083e-07,-3.8618842760721844e-07,-7.82310962677002e-08,4,5,-9.110404385460742e-08
0,3,11,-4.81390290790134e-07,6.407226568811132e-08,-5.289912223815918e-07,-4.0854016939798993e-07,9.437402089436849e-08,25.0,-1.8415351708730063e-07,1.8759240077612454e-07,-4.818042119344076e-07,9.934107462565104e-09,4,5,-2.972367737028334e-07
0,3,13,-7.036659452650282e-08,1.080357974863563e-07,-1.9371509552001953e-07,7.450580596923828e-09,1.1175870895385742e-07,25.0,-6.055666340721977e-08,1.6099255252877332e-07,-3.0299027760823566e-07,1.4901161193847656e-07,4,5,-9.809931119283052e-09
0,3,14,-3.0795733133951825e-07,2.3292251602199384e-07,-5.21540641784668e-07,-5.960464477539063e-08,2.02407439549764e-07,25.0,-2.1869523657692803e-07,1.2149201690781714e-07,-3.977782196468777e-07,-8.8889565732744e-08,4,5,-8.926209476259021e-08
0,4,15,-8.692344029744466e-08,9.723887816295967e-08,-1.6391277313232422e-07,2.2351741790771484e-08,1.241763432820638e-09,25.0,-1.9992391268412274e-07,1.7484408361732064e-07,-3.986060619354248e-07,6.705522537231445e-08,1,5,1.1300047238667808e-07
15,1,1,-0.00497655901643965,0.0011348482832973425,-0.006122643748919169,-0.0038532912731170654,-0.005353294933835666,33.333333333333336,-0.0037469839056332916,0.0006741179837458764,-0.004360005259513855,-0.002833430137899187,5,5,-0.0012295751108063586
15,1,2,-0.2198215143548118,0.22538683627855158,-0.46490145723025006,-0.021445587277412415,-0.0030205237368742623,133.33333333333334,-0.0036158921404017344,0.0014666296423359309,-0.005193934879369206,-0.0013478398323059082,5,5,-0.21620562221441006
15,1,4,-0.0063291266560554504,0.009516644040465616,-0.017305572827657063,-0.0003884260853131612,-0.003273680806159973,100.0,-0.0033258212937249077,0.0012604923296441212,-0.004590717454751332,-0.0015249003966649373,5,5,-0.0030033053623305427
15,1,8,-1.400769445631239,1.159076817386827,-2.721397082010905,-0.5522640943527222,0.15791241824626923,500.0,-0.006295320722791884,0.001941483876167964,-0.009316880669858722,-0.004706921676794687,5,5,-1.3944741249084471
15,2,3,-0.0022122981544170114,0.0015651940595143065,-0.0039940145798027515,-0.0010588616132736206,-0.0029327161610126495,41.666666666666664,-0.0017876076667259137,0.0005424394138618924,-0.0023517071321192714,-0.0010326154943969515,3,5,-0.0004246904876910977
15,2,5,-0.0042280637555652196,0.006173293188031149,-0.011325865983963013,-0.00010867913564046224,-0.003079762061436971,58.333333333333336,-0.0016223183936542936,0.0010785774050341148,-0.003542513483100467,-0.0010104485683970982,5,5,-0.002605745361910926
15,2,6,0.0006899574978484047,0.0008731172333378207,-0.0003070731957753499,0.0013180145372947056,-0.0018254890261838834,50.0,-0.00187742089231809,0.0008649470705599621,-0.0031182389292452074,-0.0011123514009846582,0,5,0.0025673783901664945
15,2,9,-0.3751996225780911,0.23940085647534523,-0.5808409849802653,-0.11238990227381389,0.22740823527177176,325.0,-0.0018467187674509153,0.0007118231148654084,-0.0030380627140402794,-0.0012457333505153656,5,5,-0.3733529038106402
15,2,10,-0.02158492337912321,0.027295742231488902,-0.05039238929748535,0.003893780211607615,0.008345995447598398,125.0,-0.0010558297236760458,0.0004961957764223053,-0.0015721966822942097,-0.0002868788109885322,5,5,-0.020529093655447164
15,2,12,-0.08358395803305839,0.19942534433611517,-0.30921584243575734,0.06908367822567622,0.12725707391897836,275.0,-0.0018919975393348269,0.0010800507544463942,-0.0036265307830439675,-0.0010945714182323879,5,5,-0.08169196049372356
15,3,7,-0.0018049933844142489,0.0009638780820506495,-0.002822446326414744,-0.0009055584669113159,-0.004181089500586192,33.333333333333336,-0.0014376026060846116,0.0006238180468262274,-0.0023849807265732023,-0.000802476993865437,4,5,-0.0003673907783296373
15,3,11,-0.0016448503981033962,0.00040588666735724536,-0.0019267381479342778,-0.001179640491803487,-0.0037048899879058204,25.0,-0.0005632069168819322,0.000251730368803023,-0.0009621132372154131,-0.00027307205730014376,5,5,-0.001081643481221464
15,3,13,-0.8077421403593487,0.36157498282918304,-1.1495132048924763,-0.42917687197526294,0.0855442186196645,300.0,-0.0011166835824648537,0.0006290748420265822,-0.0021663527521822187,-0.0005145801438225639,5,5,-0.8066254567768838
15,3,14,0.0006557429830233256,0.0007872014435259591,8.547802766164143e-05,0.0015538881222407024,-0.0011832801004250844,50.0,-0.0013662521779123278,0.002047183578144303,-0.005023912837107976,-0.0003448174231582218,0,5,0.002021995160935653
15,4,15,-0.004696401456991832,0.0058464315182991545,-0.011426771680514017,-0.0008758604526519775,-0.004879351705312729,50.0,-0.0024076854189236958,0.0006738353844108722,-0.003259877363840739,-0.00165310295091735,5,5,-0.002288716038068136
30,1,1,-0.00238293492131763,0.0015743444183162834,-0.003319576382637024,-0.000565322736899058,-0.006925697127978007,41.666666666666664,-0.0022399352656470406,0.00044459520994467834,-0.0028985059923595847,-0.0018083502848943074,3,5,-0.00014299965567058943
30,1,2,-0.005152937024831772,0.004125025324355881,-0.009649251898129782,-0.001543457309405009,-0.002912461757659912,33.333333333333336,-0.004500030539929867,0.0014462001391611168,-0.00670486523045434,-0.0031195556124051413,3,5,-0.0006529064849019051
30,1,4,-0.007674346367518107,0.008829552939992458,-0.01786281665166219,-0.0022525290648142495,-0.0031835312644640603,58.333333333333336,-0.0040179627637068425,0.001066954574091258,-0.005725234746932983,-0.0029040401180585227,5,5,-0.003656383603811265
30,1,8,-0.052255354821681976,0.04494091591978395,-0.08037476738293965,-0.0004244968295097351,0.02380945285161336,225.0,-0.001939814884422554,0.0002859879527110453,-0.002275846665725112,-0.0015109360425008668,5,5,-0.05031553993725942
30,2,3,-0.0010839907659424676,0.0003055848021617297,-0.0014367227753003438,-0.0008994291226069132,-0.0036863510807355246,41.666666666666664,-0.00194983979066213,0.0014638148005942674,-0.004474945366382599,-0.0009336868921915689,2,5,0.0008658490247196624
30,2,5,-0.002871651202440262,0.001487092760770839,-0.00453115130464236,-0.001659815510114034,-0.002709781751036644,41.666666666666664,-0.0012603462984164555,0.0002257530518459525,-0.0015736259520053864,-0.000983526309331258,5,5,-0.0016113049040238064
30,2,6,-0.0036505270335409376,0.002101806440234697,-0.005939294894536336,-0.0018070389827092488,-0.0016368354360262554,33.333333333333336,-0.0022730821536646947,0.0004207584807851385,-0.0029546250071790484,-0.0019329537947972615,5,5,-0.0013774448798762428
30,2,9,-0.7285213462180562,0.371579047343364,-1.142073631286621,-0.42274081458648044,0.14851831768949827,325.0,-0.0012215651571750642,0.00022805882244174736,-0.0014447329772843255,-0.0008892052703433567,5,5,-0.7272997810608811
30,2,10,-0.14314504278202853,0.1554313393388596,-0.3187096913655599,-0.02308746675650279,0.0172494575381279,191.66666666666666,-0.0008179882334338294,0.0007737865677420407,-0.0018536750641134048,9.929347369405954e-05,5,5,-0.1423270545485947
30,2,12,0.018607383800877463,0.026259386675311223,0.0015603825449943542,0.048847357432047524,0.0004538620511690776,133.33333333333334,-0.0015703629702329635,0.0005976237568072522,-0.002211492301689254,-0.00084142138560613,0,5,0.020177746771110425
30,3,7,-0.0017933804127905106,0.000870242081729005,-0.002766042947769165,-0.0010884925723075867,-0.0023198391621311507,25.0,-0.0018405841456519232,0.0027729215223101875,-0.0068002839883168536,-0.0005239778094821506,4,5,4.7203732861412617e-05
30,3,11,-0.0014511549638377298,0.00024962654123054484,-0.0017168372869491577,-0.001221499095360438,-0.0032186992466449738,33.333333333333336,-0.0015809713966316648,0.002290092400290735,-0.005675007692641682,-0.0004743521826134788,4,5,0.00012981643279393507
30,3,13,-0.29939096897012657,0.2170398110017657,-0.4718143939971924,-0.055670839423934616,0.06941102212294936,208.33333333333334,-0.000765128019783232,0.0001777841231790252,-0.000861362036731508,-0.0004500485956668854,5,5,-0.29862584095034334
30,3,14,0.0005109931031862894,0.0014001581122767555,-0.0010447129607200623,0.0016699979702631633,-0.0011504565676053364,50.0,-0.000717823217726416,0.0001116369858761431,-0.0008640612165133158,-0.0005587492552068499,0,5,0.0012288163209127055
30,4,15,-0.0003871925226930115,0.00024431892876148313,-0.0005520731210708618,-0.00010650356610616048,-0.0014201533049345016,50.0,-0.000325490679177973,0.00010615641486267091,-0.0004633901019891103,-0.00017113683538304435,4,5,-6.170184351503852e-05
