order_k,subset_mask,subset_positions,critic_seed,seed_peak_layer,seed_peak_score,seed_final_score,seed_peak_to_final_ratio
1,1,{39},11,28,0.9223817984263102,0.8861103455225626,0.9606763132515941
1,1,{39},23,7,0.8990862369537354,0.8239230712254842,0.9164004934800055
1,1,{39},37,11,0.9092400868733724,0.892489473025004,0.9815773478422304
1,2,{40},11,12,1.2524917523066204,1.141566276550293,0.9114361627116153
1,2,{40},23,10,1.2098441223303478,0.9854823549588522,0.8145531616590904
1,2,{40},37,13,1.176533301671346,1.1154117981592815,0.948049491310414
2,3,"{39,40}",11,10,0.9360407789548238,0.8429144620895386,0.9005104062140653
2,3,"{39,40}",23,12,0.8071015278498331,0.785923920571804,0.9737609129120998
2,3,"{39,40}",37,27,0.8988384703795115,0.7717275321483612,0.8585831131844179
1,4,{41},11,30,1.1350513398647308,1.1350513398647308,1.0
1,4,{41},23,27,1.1850808560848236,1.1441654364267986,0.9654745754705732
1,4,{41},37,12,1.196154276529948,0.7875561316808065,0.6584068185297238
2,5,"{39,41}",11,13,0.7766047318776449,0.7646673570076624,0.9846287636683326
2,5,"{39,41}",23,17,0.787670448422432,0.6865733390053114,0.8716504984799155
2,5,"{39,41}",37,15,0.7609197646379471,0.7004642883936564,0.9205494730800481
2,6,"{40,41}",11,12,0.9958315392335256,0.9632028341293335,0.9672347140869771
2,6,"{40,41}",23,8,0.9794421990712484,0.8692005115250746,0.8874444171889776
2,6,"{40,41}",37,13,1.0398013790448506,1.003660539786021,0.965242554984849
3,7,"{39,40,41}",11,12,0.7723377123475075,0.5218199640512466,0.675637037669938
3,7,"{39,40,41}",23,15,0.7373585750659307,0.4869283239046733,0.6603684291067405
3,7,"{39,40,41}",37,28,0.7743022441864014,0.7191547155380249,0.9287777750065509
1,8,{54},11,30,1.1805169185002644,1.1805169185002644,1.0
1,8,{54},23,28,1.1936450898647308,1.1202963789304097,0.9385506533247387
1,8,{54},37,30,1.1190076073010762,1.1190076073010762,1.0
2,9,"{39,54}",11,30,0.8968170086542765,0.8968170086542765,1.0
2,9,"{39,54}",23,30,0.9092986583709717,0.9092986583709717,1.0
2,9,"{39,54}",37,9,0.8958497444788615,0.7442381083965302,0.8307622042460617
2,10,"{40,54}",11,15,1.1223800083001454,1.0437120546897252,0.929909698115914
2,10,"{40,54}",23,10,1.0973347077767055,0.9846032857894897,0.8972679701204208
2,10,"{40,54}",37,30,1.1125622689723969,1.1125622689723969,1.0
3,11,"{39,40,54}",11,30,0.7187116891145706,0.7187116891145706,1.0
3,11,"{39,40,54}",23,30,0.7481955736875534,0.7481955736875534,1.0
3,11,"{39,40,54}",37,13,0.7628507614135742,0.41999971866607666,0.5505660345515166
2,12,"{41,54}",11,30,1.1141282816727955,1.1141282816727955,1.0
2,12,"{41,54}",23,19,1.1273731390635173,0.9879707793394724,0.8763476307056214
2,12,"{41,54}",37,29,1.1150134801864624,0.8892185290654501,0.7974957656267502
3,13,"{39,41,54}",11,13,0.7902756532033285,0.7414105435212454,0.9381670060516077
3,13,"{39,41,54}",23,30,0.8652843236923218,0.8652843236923218,1.0
3,13,"{39,41,54}",37,12,0.8153048058350881,0.7584728896617889,0.9302936573333598
3,14,"{40,41,54}",11,14,1.0230802297592163,0.9709083835283915,0.9490051271510704
3,14,"{40,41,54}",23,12,1.0552977323532104,0.9089674204587936,0.8613374146383177
3,14,"{40,41,54}",37,10,1.031296928723653,0.9516756534576416,0.9227950039911863
4,15,"{39,40,41,54}",11,14,0.7336885084708532,0.6176357269287109,0.841822816900842
4,15,"{39,40,41,54}",23,29,0.7865984092156092,0.6206524322430292,0.78903341905044
4,15,"{39,40,41,54}",37,14,0.7913565337657928,0.5757530232270559,0.7275519928890279
