layer,order_k,subset_mask,subset_positions,score_mean,critic_seed_sd,peak_score,peak_layer,peak_normalized_score,tau_q99_abs_fixed_subset_null,retain_s
0,1,1,{39},0.2033920817905002,0.016269880752978777,0.8730853928460015,28,0.23295783374350343,0.006777383486429849,0.9936114348409044
1,1,1,{39},0.7538697454664441,0.06814145786847128,0.8730853928460015,28,0.8634547681631124,0.006777383486429849,0.9936114348409044
2,1,1,{39},0.7052874399556054,0.040058995494336155,0.8730853928460015,28,0.8078103765504263,0.006777383486429849,0.9936114348409044
3,1,1,{39},0.7881026797824436,0.054426393615230995,0.8730853928460015,28,0.902663916084383,0.006777383486429849,0.9936114348409044
4,1,1,{39},0.7538524071375529,0.005600381387221765,0.8730853928460015,28,0.8634349094768563,0.006777383486429849,0.9936114348409044
5,1,1,{39},0.7842942211363052,0.027234020402280065,0.8730853928460015,28,0.8983018471764105,0.006777383486429849,0.9936114348409044
6,1,1,{39},0.7668347325589923,0.1027567053773879,0.8730853928460015,28,0.8783043890579095,0.006777383486429849,0.9936114348409044
7,1,1,{39},0.8221826288435193,0.08324039616042266,0.8730853928460015,28,0.9416978403033933,0.006777383486429849,0.9936114348409044
8,1,1,{39},0.8363287680678898,0.06539772521734248,0.8730853928460015,28,0.9579003095467032,0.006777383486429849,0.9936114348409044
9,1,1,{39},0.7204575141270956,0.09105964785492177,0.8730853928460015,28,0.8251856233427707,0.006777383486429849,0.9936114348409044
10,1,1,{39},0.8341570562786527,0.018705004151850408,0.8730853928460015,28,0.9554129104823825,0.006777383486429849,0.9936114348409044
11,1,1,{39},0.8005490567949084,0.09862614873839673,0.8730853928460015,28,0.9169195400066814,0.006777383486429849,0.9936114348409044
12,1,1,{39},0.7611026101642185,0.03515228290531539,0.8730853928460015,28,0.8717390262174104,0.006777383486429849,0.9936114348409044
13,1,1,{39},0.7604829834567175,0.10625008402143594,0.8730853928460015,28,0.8710293285033286,0.006777383486429849,0.9936114348409044
14,1,1,{39},0.7434751855002509,0.13269404570861565,0.8730853928460015,28,0.8515492202621104,0.006777383486429849,0.9936114348409044
15,1,1,{39},0.649023155371348,0.12562523284871052,0.8730853928460015,28,0.743367327742964,0.006777383486429849,0.9936114348409044
16,1,1,{39},0.776857919163174,0.10493167895347744,0.8730853928460015,28,0.8897845795253151,0.006777383486429849,0.9936114348409044
17,1,1,{39},0.7608386708630456,0.0989493529606942,0.8730853928460015,28,0.871436719818362,0.006777383486429849,0.9936114348409044
18,1,1,{39},0.7070958150757684,0.03785447707720231,0.8730853928460015,28,0.8098816231146005,0.006777383486429849,0.9936114348409044
19,1,1,{39},0.7166468600432078,0.12427887540828872,0.8730853928460015,28,0.8208210398608891,0.006777383486429849,0.9936114348409044
20,1,1,{39},0.7329812977049085,0.1259129017109342,0.8730853928460015,28,0.8395299059071474,0.006777383486429849,0.9936114348409044
21,1,1,{39},0.7409787972768148,0.018792409375567417,0.8730853928460015,28,0.8486899487133119,0.006777383486429849,0.9936114348409044
22,1,1,{39},0.796000106467141,0.029214982429122266,0.8730853928460015,28,0.9117093390744001,0.006777383486429849,0.9936114348409044
23,1,1,{39},0.7890841166178385,0.024987899780904585,0.8730853928460015,28,0.9037880178543092,0.006777383486429849,0.9936114348409044
24,1,1,{39},0.7583865986929998,0.11194076997039522,0.8730853928460015,28,0.8686282062524063,0.006777383486429849,0.9936114348409044
25,1,1,{39},0.7546917233202192,0.06324043884957316,0.8730853928460015,28,0.8643962314615597,0.006777383486429849,0.9936114348409044
26,1,1,{39},0.7962674796581268,0.03458876370711968,0.8730853928460015,28,0.9120155785249472,0.006777383486429849,0.9936114348409044
27,1,1,{39},0.8041612969504461,0.07614751998377305,0.8730853928460015,28,0.9210568674492616,0.006777383486429849,0.9936114348409044
28,1,1,{39},0.8730853928460015,0.057695169511195375,0.8730853928460015,28,1.0,0.006777383486429849,0.9936114348409044
29,1,1,{39},0.8599094682269626,0.0265257764136911,0.8730853928460015,28,0.9849087789957299,0.006777383486429849,0.9936114348409044
30,1,1,{39},0.8675076299243503,0.037879857901717065,0.8730853928460015,28,0.9936114348409044,0.006777383486429849,0.9936114348409044
0,1,2,{40},0.6825905905829536,0.03213651868307984,1.1423482563760545,12,0.5975328335934788,0.006777383486429849,0.9461389179614671
1,1,2,{40},1.0587550269232855,0.09150498339482785,1.1423482563760545,12,0.9268233404426447,0.006777383486429849,0.9461389179614671
2,1,2,{40},1.0269496507114833,0.054813721069229535,1.1423482563760545,12,0.8989812388468489,0.006777383486429849,0.9461389179614671
3,1,2,{40},1.0660974449581568,0.10162921047276348,1.1423482563760545,12,0.9332508182226381,0.006777383486429849,0.9461389179614671
4,1,2,{40},1.0004797048038907,0.05742960796990843,1.1423482563760545,12,0.8758097184634197,0.006777383486429849,0.9461389179614671
5,1,2,{40},1.0833768447240193,0.032541199730006104,1.1423482563760545,12,0.9483770283511317,0.006777383486429849,0.9461389179614671
6,1,2,{40},0.9462317360772028,0.04513367684036343,1.1423482563760545,12,0.8283216005239901,0.006777383486429849,0.9461389179614671
7,1,2,{40},1.0188530617290075,0.05156111651678394,1.1423482563760545,12,0.8918935675195768,0.006777383486429849,0.9461389179614671
8,1,2,{40},1.1223097443580627,0.06332226024354506,1.1423482563760545,12,0.9824584911771466,0.006777383486429849,0.9461389179614671
9,1,2,{40},1.0664753913879395,0.0855543860676943,1.1423482563760545,12,0.9335816686683521,0.006777383486429849,0.9461389179614671
10,1,2,{40},1.1171060303846996,0.08244085524684386,1.1423482563760545,12,0.9779032130959499,0.006777383486429849,0.9461389179614671
11,1,2,{40},0.9831176764435239,0.06660737043227213,1.1423482563760545,12,0.8606111761069535,0.006777383486429849,0.9461389179614671
12,1,2,{40},1.1423482563760545,0.10282546185650815,1.1423482563760545,12,1.0,0.006777383486429849,0.9461389179614671
13,1,2,{40},1.097190111875534,0.08601713051753257,1.1423482563760545,12,0.9604690213790157,0.006777383486429849,0.9461389179614671
14,1,2,{40},1.0761166016260784,0.02191691245455467,1.1423482563760545,12,0.9420214856719026,0.006777383486429849,0.9461389179614671
15,1,2,{40},1.0310529073079426,0.05432796913993095,1.1423482563760545,12,0.9025731877762204,0.006777383486429849,0.9461389179614671
16,1,2,{40},1.0695332421196833,0.11228876804152142,1.1423482563760545,12,0.9362584799775796,0.006777383486429849,0.9461389179614671
17,1,2,{40},1.0345665481355455,0.08310983237507365,1.1423482563760545,12,0.905648993081644,0.006777383486429849,0.9461389179614671
18,1,2,{40},1.0002736581696405,0.04748537672523756,1.1423482563760545,12,0.8756293473435794,0.006777383486429849,0.9461389179614671
19,1,2,{40},0.9557049009535049,0.10587404258252622,1.1423482563760545,12,0.8366143123335694,0.006777383486429849,0.9461389179614671
20,1,2,{40},0.9886916213565403,0.144924359592547,1.1423482563760545,12,0.8654905505725818,0.006777383486429849,0.9461389179614671
21,1,2,{40},1.087815754943424,0.016987380732071476,1.1423482563760545,12,0.9522628050349308,0.006777383486429849,0.9461389179614671
22,1,2,{40},0.9482828941610125,0.046839228563253114,1.1423482563760545,12,0.8301171633677735,0.006777383486429849,0.9461389179614671
23,1,2,{40},1.0540543430381353,0.09957417015057232,1.1423482563760545,12,0.9227084097646197,0.006777383486429849,0.9461389179614671
24,1,2,{40},1.0574455128775702,0.05905642827704543,1.1423482563760545,12,0.9256770052174572,0.006777383486429849,0.9461389179614671
25,1,2,{40},1.0707370903756883,0.007020908988239473,1.1423482563760545,12,0.9373123164493261,0.006777383486429849,0.9461389179614671
26,1,2,{40},1.0730740990903642,0.06917434315475951,1.1423482563760545,12,0.9393581100167708,0.006777383486429849,0.9461389179614671
27,1,2,{40},1.0575269444121256,0.07601614899848488,1.1423482563760545,12,0.9257482895513728,0.006777383486429849,0.9461389179614671
28,1,2,{40},1.0194945004251268,0.07091878133486693,1.1423482563760545,12,0.8924550764049269,0.006777383486429849,0.9461389179614671
29,1,2,{40},1.0602099763022528,0.08316843918111627,1.1423482563760545,12,0.9280969882736335,0.006777383486429849,0.9461389179614671
30,1,2,{40},1.0808201432228088,0.08359416599424718,1.1423482563760545,12,0.9461389179614671,0.006777383486429849,0.9461389179614671
0,2,3,"{39,40}",4.346172014872233e-09,2.9354444464345985e-07,0.8347269280089272,27,5.2066991839345e-09,0.006777383486429849,0.9586232472200099
1,2,3,"{39,40}",0.6750505740443865,0.06189266276449415,0.8347269280089272,27,0.8087082749978889,0.006777383486429849,0.9586232472200099
2,2,3,"{39,40}",0.38930009057124454,0.2973816014490866,0.8347269280089272,27,0.4663801747714566,0.006777383486429849,0.9586232472200099
3,2,3,"{39,40}",0.47247980866167283,0.41345621368115754,0.8347269280089272,27,0.5660291920720446,0.006777383486429849,0.9586232472200099
4,2,3,"{39,40}",0.7080876413318845,0.01976601471762818,0.8347269280089272,27,0.848286568424101,0.006777383486429849,0.9586232472200099
5,2,3,"{39,40}",0.7222220823168755,0.07128655919237845,0.8347269280089272,27,0.86521958029986,0.006777383486429849,0.9586232472200099
6,2,3,"{39,40}",0.7570493353737725,0.05810478825641123,0.8347269280089272,27,0.9069425101446782,0.006777383486429849,0.9586232472200099
7,2,3,"{39,40}",0.6589675363567141,0.03451672032125539,0.8347269280089272,27,0.7894408509481637,0.006777383486429849,0.9586232472200099
8,2,3,"{39,40}",0.7697740793228149,0.06240230525766783,0.8347269280089272,27,0.9221867098009594,0.006777383486429849,0.9586232472200099
9,2,3,"{39,40}",0.5121668113602532,0.5020817721026537,0.8347269280089272,27,0.6135740853382122,0.006777383486429849,0.9586232472200099
10,2,3,"{39,40}",0.8150951729880439,0.14524522038220827,0.8347269280089272,27,0.9764812247429098,0.006777383486429849,0.9586232472200099
11,2,3,"{39,40}",0.6628722846508026,0.15677067387825458,0.8347269280089272,27,0.7941187260269066,0.006777383486429849,0.9586232472200099
12,2,3,"{39,40}",0.8002391755580902,0.022087255260140534,0.8347269280089272,27,0.9586837907181207,0.006777383486429849,0.9586232472200099
13,2,3,"{39,40}",0.7365714195701812,0.0982012750161066,0.8347269280089272,27,0.8824100371688306,0.006777383486429849,0.9586232472200099
14,2,3,"{39,40}",0.7607307136058807,0.08515344208144437,0.8347269280089272,27,0.9113527886544291,0.006777383486429849,0.9586232472200099
15,2,3,"{39,40}",0.736860473950704,0.12068481188144627,0.8347269280089272,27,0.8827563233264033,0.006777383486429849,0.9586232472200099
16,2,3,"{39,40}",0.7449035793542862,0.11954963550552608,0.8347269280089272,27,0.8923919360444061,0.006777383486429849,0.9586232472200099
17,2,3,"{39,40}",0.7464788887235853,0.04428716823888901,0.8347269280089272,27,0.8942791512718538,0.006777383486429849,0.9586232472200099
18,2,3,"{39,40}",0.6947221623526678,0.11088468593384387,0.8347269280089272,27,0.832274770396814,0.006777383486429849,0.9586232472200099
19,2,3,"{39,40}",0.6377812772989272,0.1327240006098664,0.8347269280089272,27,0.764059785180557,0.006777383486429849,0.9586232472200099
20,2,3,"{39,40}",0.6912217140197754,0.07730376316030158,0.8347269280089272,27,0.828081245286462,0.006777383486429849,0.9586232472200099
21,2,3,"{39,40}",0.7338276753822962,0.03176847826645162,0.8347269280089272,27,0.879123041031747,0.006777383486429849,0.9586232472200099
22,2,3,"{39,40}",0.65646250711547,0.019431841813112617,0.8347269280089272,27,0.7864398344993242,0.006777383486429849,0.9586232472200099
23,2,3,"{39,40}",0.6558578080601162,0.17957155830577892,0.8347269280089272,27,0.7857154071026949,0.006777383486429849,0.9586232472200099
24,2,3,"{39,40}",0.5542082720332675,0.4118178267745447,0.8347269280089272,27,0.6639396111914343,0.006777383486429849,0.9586232472200099
25,2,3,"{39,40}",0.7598396688699722,0.05262632910201773,0.8347269280089272,27,0.9102853201135089,0.006777383486429849,0.9586232472200099
26,2,3,"{39,40}",0.7397409909301333,0.06435833139717666,0.8347269280089272,27,0.8862071727991767,0.006777383486429849,0.9586232472200099
27,2,3,"{39,40}",0.8347269280089272,0.056479218663470804,0.8347269280089272,27,1.0,0.006777383486429849,0.9586232472200099
28,2,3,"{39,40}",0.4376490546597375,0.35413277843102187,0.8347269280089272,27,0.5243020681070648,0.006777383486429849,0.9586232472200099
29,2,3,"{39,40}",0.71719172431363,0.0589224082561189,0.8347269280089272,27,0.8591932286458593,0.006777383486429849,0.9586232472200099
30,2,3,"{39,40}",0.8001886382699013,0.03767633709461855,0.8347269280089272,27,0.9586232472200099,0.006777383486429849,0.9586232472200099
0,1,4,{41},0.043702440129386046,0.005712231855446532,1.1333687172995675,16,0.03855977270443295,0.006777383486429849,0.9019638714102426
1,1,4,{41},0.6867390225330988,0.18861102652391265,1.1333687172995675,16,0.6059272786082931,0.006777383486429849,0.9019638714102426
2,1,4,{41},1.003257950146993,0.03043507741177153,1.1333687172995675,16,0.8851999661128955,0.006777383486429849,0.9019638714102426
3,1,4,{41},0.9761931498845419,0.08868398552389278,1.1333687172995675,16,0.8613200055587191,0.006777383486429849,0.9019638714102426
4,1,4,{41},1.0339240233103435,0.007672525615255699,1.1333687172995675,16,0.9122574211981368,0.006777383486429849,0.9019638714102426
5,1,4,{41},1.015986310111152,0.07227472979062345,1.1333687172995675,16,0.8964305213328122,0.006777383486429849,0.9019638714102426
6,1,4,{41},1.0069383482138317,0.08423723154000413,1.1333687172995675,16,0.8884472747871704,0.006777383486429849,0.9019638714102426
7,1,4,{41},1.048631015751097,0.060965412911245395,1.1333687172995675,16,0.9252337740974785,0.006777383486429849,0.9019638714102426
8,1,4,{41},1.0578781896167333,0.025167731208503383,1.1333687172995675,16,0.9333927904215475,0.006777383486429849,0.9019638714102426
9,1,4,{41},1.0617479913764531,0.0719742137827394,1.1333687172995675,16,0.9368072147837624,0.006777383486429849,0.9019638714102426
10,1,4,{41},1.0549871491061316,0.08097229526840663,1.1333687172995675,16,0.9308419519640594,0.006777383486429849,0.9019638714102426
11,1,4,{41},1.0006414983007643,0.09078344316245635,1.1333687172995675,16,0.882891404206879,0.006777383486429849,0.9019638714102426
12,1,4,{41},1.107948038313124,0.08393851351299489,1.1333687172995675,16,0.9775706893984049,0.006777383486429849,0.9019638714102426
13,1,4,{41},1.0165047645568848,0.14966746649664892,1.1333687172995675,16,0.8968879668558969,0.006777383486429849,0.9019638714102426
14,1,4,{41},1.058940013249715,0.061636408336297646,1.1333687172995675,16,0.9343296643768405,0.006777383486429849,0.9019638714102426
15,1,4,{41},1.0560058852036793,0.10965413248659707,1.1333687172995675,16,0.9317408086926755,0.006777383486429849,0.9019638714102426
16,1,4,{41},1.1333687172995675,0.06681322368795872,1.1333687172995675,16,1.0,0.006777383486429849,0.9019638714102426
17,1,4,{41},1.1052938997745514,0.10750433898159087,1.1333687172995675,16,0.9752288755667187,0.006777383486429849,0.9019638714102426
18,1,4,{41},1.032350414329105,0.07931463508802343,1.1333687172995675,16,0.910868986033817,0.006777383486429849,0.9019638714102426
19,1,4,{41},0.9888896677229141,0.012676408681674262,1.1333687172995675,16,0.8725224656624564,0.006777383486429849,0.9019638714102426
20,1,4,{41},1.0670325954755147,0.03326027564379809,1.1333687172995675,16,0.9414699551774208,0.006777383486429849,0.9019638714102426
21,1,4,{41},1.0732865035533905,0.019968462514333443,1.1333687172995675,16,0.9469879370860593,0.006777383486429849,0.9019638714102426
22,1,4,{41},1.0290910171137915,0.07961421445656391,1.1333687172995675,16,0.9079931371017242,0.006777383486429849,0.9019638714102426
23,1,4,{41},1.0833051800727844,0.02675979891801036,1.1333687172995675,16,0.9558276697930508,0.006777383486429849,0.9019638714102426
24,1,4,{41},1.0425839788383906,0.053507834171116236,1.1333687172995675,16,0.9198983198711483,0.006777383486429849,0.9019638714102426
25,1,4,{41},1.0481117599540284,0.025436745052075785,1.1333687172995675,16,0.9247756215217608,0.006777383486429849,0.9019638714102426
26,1,4,{41},0.978796809911728,0.13820568675270525,1.1333687172995675,16,0.8636172809179595,0.006777383486429849,0.9019638714102426
27,1,4,{41},1.1255232261286843,0.054690017824367505,1.1333687172995675,16,0.9930777239117943,0.006777383486429849,0.9019638714102426
28,1,4,{41},1.0046064787440832,0.11955406964487922,1.1333687172995675,16,0.8863898071385974,0.006777383486429849,0.9019638714102426
29,1,4,{41},1.1194601919915943,0.04517955083218703,1.1333687172995675,16,0.9877281549281575,0.006777383486429849,0.9019638714102426
30,1,4,{41},1.0222576359907787,0.20330854331055195,1.1333687172995675,16,0.9019638714102426,0.006777383486429849,0.9019638714102426
0,2,5,"{39,41}",-8.071462313334148e-08,1.2601910641410297e-07,0.7421664678388171,12,-1.0875541624560568e-07,0.006777383486429849,0.9664071685841488
1,2,5,"{39,41}",-0.16921404169665447,0.9184818904556209,0.7421664678388171,12,-0.2280001172639939,0.006777383486429849,0.9664071685841488
2,2,5,"{39,41}",0.3908776160743502,0.29569108365381624,0.7421664678388171,12,0.5266710812367779,0.006777383486429849,0.9664071685841488
3,2,5,"{39,41}",0.5744156249695354,0.05856461100987525,0.7421664678388171,12,0.7739714064989073,0.006777383486429849,0.9664071685841488
4,2,5,"{39,41}",0.5578690022230148,0.009821435821399802,0.7421664678388171,12,0.7516763777370931,0.006777383486429849,0.9664071685841488
5,2,5,"{39,41}",0.5976717505190109,0.022485907828405854,0.7421664678388171,12,0.8053068636466779,0.006777383486429849,0.9664071685841488
6,2,5,"{39,41}",0.613728404045105,0.061946926642981466,0.7421664678388171,12,0.8269417046451549,0.006777383486429849,0.9664071685841488
7,2,5,"{39,41}",0.6640561785962847,0.04534337058863144,0.7421664678388171,12,0.8947536804377744,0.006777383486429849,0.9664071685841488
8,2,5,"{39,41}",0.584181398153305,0.023157959527467024,0.7421664678388171,12,0.7871298737794455,0.006777383486429849,0.9664071685841488
9,2,5,"{39,41}",0.6172838004098998,0.10446413373868307,0.7421664678388171,12,0.8317322691867572,0.006777383486429849,0.9664071685841488
10,2,5,"{39,41}",0.6767352985011206,0.07168754083673243,0.7421664678388171,12,0.9118376103298879,0.006777383486429849,0.9664071685841488
11,2,5,"{39,41}",0.7341786755455866,0.05027709842487917,0.7421664678388171,12,0.9892371959130801,0.006777383486429849,0.9664071685841488
12,2,5,"{39,41}",0.7421664678388171,0.025262240674681864,0.7421664678388171,12,1.0,0.006777383486429849,0.9664071685841488
13,2,5,"{39,41}",0.7347766293419733,0.04453553822815178,0.7421664678388171,12,0.9900428828071915,0.006777383486429849,0.9664071685841488
14,2,5,"{39,41}",0.657104719016287,0.11990111253075593,0.7421664678388171,12,0.8853872378925589,0.006777383486429849,0.9664071685841488
15,2,5,"{39,41}",0.7197075701422162,0.045736101969957005,0.7421664678388171,12,0.9697387329260495,0.006777383486429849,0.9664071685841488
16,2,5,"{39,41}",0.7245422667927212,0.030916725343463913,0.7421664678388171,12,0.9762530351210592,0.006777383486429849,0.9664071685841488
17,2,5,"{39,41}",0.6866908644636472,0.11283338580199635,0.7421664678388171,12,0.9252518056539062,0.006777383486429849,0.9664071685841488
18,2,5,"{39,41}",0.6137976596752802,0.06976189485116314,0.7421664678388171,12,0.8270350201386141,0.006777383486429849,0.9664071685841488
19,2,5,"{39,41}",0.6403320129546854,0.07716683793928182,0.7421664678388171,12,0.8627875829789605,0.006777383486429849,0.9664071685841488
20,2,5,"{39,41}",0.6238537132740021,0.03662787995861053,0.7421664678388171,12,0.8405846131672576,0.006777383486429849,0.9664071685841488
21,2,5,"{39,41}",0.6518606477313572,0.02228117959895272,0.7421664678388171,12,0.8783213416116337,0.006777383486429849,0.9664071685841488
22,2,5,"{39,41}",0.7167871296405792,0.0336189447466849,0.7421664678388171,12,0.9658037121076861,0.006777383486429849,0.9664071685841488
23,2,5,"{39,41}",0.6449593645003106,0.031658016493565345,0.7421664678388171,12,0.8690225070103573,0.006777383486429849,0.9664071685841488
24,2,5,"{39,41}",0.6041541066434649,0.12076603077246384,0.7421664678388171,12,0.8140412330979556,0.006777383486429849,0.9664071685841488
25,2,5,"{39,41}",0.64767105711831,0.059635842769384946,0.7421664678388171,12,0.8726762595517458,0.006777383486429849,0.9664071685841488
26,2,5,"{39,41}",0.6105969862805473,0.10312157875692535,0.7421664678388171,12,0.8227224116694477,0.006777383486429849,0.9664071685841488
27,2,5,"{39,41}",0.6303948130872515,0.08084927846611527,0.7421664678388171,12,0.849398134252759,0.006777383486429849,0.9664071685841488
28,2,5,"{39,41}",0.6268114977412753,0.05104021326989436,0.7421664678388171,12,0.8445699514915372,0.006777383486429849,0.9664071685841488
29,2,5,"{39,41}",0.6613367630375757,0.00902014984849304,0.7421664678388171,12,0.8910895219550717,0.006777383486429849,0.9664071685841488
30,2,5,"{39,41}",0.71723499480221,0.04166066918592775,0.7421664678388171,12,0.9664071685841488,0.006777383486429849,0.9664071685841488
0,2,6,"{40,41}",-2.077884144253201e-07,1.3684961691789675e-07,0.9630862722794215,13,-2.157526489641773e-07,0.006777383486429849,0.9815887275006927
1,2,6,"{40,41}",0.7545297046502432,0.05143272386537032,0.9630862722794215,13,0.7834497556116452,0.006777383486429849,0.9815887275006927
2,2,6,"{40,41}",0.8660195122162501,0.04602275951502871,0.9630862722794215,13,0.8992128090109364,0.006777383486429849,0.9815887275006927
3,2,6,"{40,41}",0.879782670074039,0.0650100102363079,0.9630862722794215,13,0.9135034891441028,0.006777383486429849,0.9815887275006927
4,2,6,"{40,41}",0.8410178398092588,0.05060608437070296,0.9630862722794215,13,0.8732528580422474,0.006777383486429849,0.9815887275006927
5,2,6,"{40,41}",0.855014047688908,0.04667324670161456,0.9630862722794215,13,0.8877855206733147,0.006777383486429849,0.9815887275006927
6,2,6,"{40,41}",0.8866462028688855,0.039492153960218025,0.9630862722794215,13,0.920630091393974,0.006777383486429849,0.9815887275006927
7,2,6,"{40,41}",0.9401464611291885,0.020058326883263936,0.9630862722794215,13,0.9761809384989579,0.006777383486429849,0.9815887275006927
8,2,6,"{40,41}",0.9210456874635485,0.09121701932520183,0.9630862722794215,13,0.9563480593318273,0.006777383486429849,0.9815887275006927
9,2,6,"{40,41}",0.9062634590599271,0.0835577064415243,0.9630862722794215,13,0.9409992491274881,0.006777383486429849,0.9815887275006927
10,2,6,"{40,41}",0.83199609319369,0.1362561503216239,0.9630862722794215,13,0.8638853207039606,0.006777383486429849,0.9815887275006927
11,2,6,"{40,41}",0.8645935265554322,0.05834911151866249,0.9630862722794215,13,0.8977321673468798,0.006777383486429849,0.9815887275006927
12,2,6,"{40,41}",0.9495008331206111,0.04289968357076411,0.9630862722794215,13,0.985893850270904,0.006777383486429849,0.9815887275006927
13,2,6,"{40,41}",0.9630862722794215,0.069577266877423,0.9630862722794215,13,1.0,0.006777383486429849,0.9815887275006927
14,2,6,"{40,41}",0.8766427553362317,0.07451195468529559,0.9630862722794215,13,0.9102432259380084,0.006777383486429849,0.9815887275006927
15,2,6,"{40,41}",0.9327752855088974,0.019877889124259435,0.9630862722794215,13,0.9685272361957934,0.006777383486429849,0.9815887275006927
16,2,6,"{40,41}",0.9203547802236346,0.06183076608496161,0.9630862722794215,13,0.9556306705995814,0.006777383486429849,0.9815887275006927
17,2,6,"{40,41}",0.8481538258492947,0.08439221032501193,0.9630862722794215,13,0.8806623562828841,0.006777383486429849,0.9815887275006927
18,2,6,"{40,41}",0.8342162660426563,0.11828087769536737,0.9630862722794215,13,0.8661905896220936,0.006777383486429849,0.9815887275006927
19,2,6,"{40,41}",0.8218129277229309,0.05569172495478402,0.9630862722794215,13,0.8533118489768041,0.006777383486429849,0.9815887275006927
20,2,6,"{40,41}",0.8595562908384536,0.030819256622448707,0.9630862722794215,13,0.8925018615456596,0.006777383486429849,0.9815887275006927
21,2,6,"{40,41}",0.8378585812946161,0.042283557945226244,0.9630862722794215,13,0.86997250963985,0.006777383486429849,0.9815887275006927
22,2,6,"{40,41}",0.8734610262844297,0.06401718755837218,0.9630862722794215,13,0.9069395457347058,0.006777383486429849,0.9815887275006927
23,2,6,"{40,41}",0.8877784626351461,0.034928721289288124,0.9630862722794215,13,0.9218057490674874,0.006777383486429849,0.9815887275006927
24,2,6,"{40,41}",0.8725082923968633,0.03485267709651454,0.9630862722794215,13,0.9059502949116083,0.006777383486429849,0.9815887275006927
25,2,6,"{40,41}",0.8333579070038266,0.06693454436815033,0.9630862722794215,13,0.8652993309015243,0.006777383486429849,0.9815887275006927
26,2,6,"{40,41}",0.8675476362307867,0.014430239840680755,0.9630862722794215,13,0.9007995038466128,0.006777383486429849,0.9815887275006927
27,2,6,"{40,41}",0.8779026236799029,0.02485792405145156,0.9630862722794215,13,0.9115513832442997,0.006777383486429849,0.9815887275006927
28,2,6,"{40,41}",0.8330807122919296,0.10758728111515428,0.9630862722794215,13,0.8650115117103723,0.006777383486429849,0.9815887275006927
29,2,6,"{40,41}",0.9129535572396384,0.054892707194998384,0.9630862722794215,13,0.9479457692599755,0.006777383486429849,0.9815887275006927
30,2,6,"{40,41}",0.945354628480143,0.06898400998532538,0.9630862722794215,13,0.9815887275006927,0.006777383486429849,0.9815887275006927
0,3,7,"{39,40,41}",-4.718701044718424e-08,2.8666183481471455e-07,0.7307651730047332,15,-6.457205705789514e-08,0.006777383486429849,0.7881706587946335
1,3,7,"{39,40,41}",0.5934393910898103,0.10654466163988616,0.7307651730047332,15,0.8120794654864683,0.006777383486429849,0.7881706587946335
2,3,7,"{39,40,41}",0.5309917396969266,0.2715467881186835,0.7307651730047332,15,0.7266243101236125,0.006777383486429849,0.7881706587946335
3,3,7,"{39,40,41}",0.6599481147196559,0.01758231612448924,0.7307651730047332,15,0.90309190845276,0.006777383486429849,0.7881706587946335
4,3,7,"{39,40,41}",0.5776415599717035,0.05834255150441322,0.7307651730047332,15,0.7904612607584709,0.006777383486429849,0.7881706587946335
5,3,7,"{39,40,41}",0.6239241328504351,0.045237226078542254,0.7307651730047332,15,0.8537956595345219,0.006777383486429849,0.7881706587946335
6,3,7,"{39,40,41}",0.631971408923467,0.04713214533924837,0.7307651730047332,15,0.8648077826765477,0.006777383486429849,0.7881706587946335
7,3,7,"{39,40,41}",0.6685026486714681,0.0042375192905022415,0.7307651730047332,15,0.9147981778096289,0.006777383486429849,0.7881706587946335
8,3,7,"{39,40,41}",0.6337230106194814,0.0325459314136493,0.7307651730047332,15,0.8672047246227712,0.006777383486429849,0.7881706587946335
9,3,7,"{39,40,41}",0.6552356291148397,0.06254119227761826,0.7307651730047332,15,0.8966432081330122,0.006777383486429849,0.7881706587946335
10,3,7,"{39,40,41}",0.6655162225166956,0.046945153614371786,0.7307651730047332,15,0.9107114666949037,0.006777383486429849,0.7881706587946335
11,3,7,"{39,40,41}",0.6747069044245614,0.05072834455084235,0.7307651730047332,15,0.9232882591412047,0.006777383486429849,0.7881706587946335
12,3,7,"{39,40,41}",0.7208298328850006,0.0446632715065092,0.7307651730047332,15,0.9864041959212686,0.006777383486429849,0.7881706587946335
13,3,7,"{39,40,41}",0.5524488521946801,0.15673248103003398,0.7307651730047332,15,0.7559868376364207,0.006777383486429849,0.7881706587946335
14,3,7,"{39,40,41}",0.5982397364245521,0.07988311579468853,0.7307651730047332,15,0.8186483955779283,0.006777383486429849,0.7881706587946335
15,3,7,"{39,40,41}",0.7307651730047332,0.005723167387773896,0.7307651730047332,15,1.0,0.006777383486429849,0.7881706587946335
16,3,7,"{39,40,41}",0.6745791915390228,0.05080421780278442,0.7307651730047332,15,0.9231134931695131,0.006777383486429849,0.7881706587946335
17,3,7,"{39,40,41}",0.6210381620460086,0.08277314957122703,0.7307651730047332,15,0.849846414399371,0.006777383486429849,0.7881706587946335
18,3,7,"{39,40,41}",0.6583050870233113,0.055847296567252014,0.7307651730047332,15,0.9008435422784542,0.006777383486429849,0.7881706587946335
19,3,7,"{39,40,41}",0.46144572314288884,0.2008325976701938,0.7307651730047332,15,0.6314555484979304,0.006777383486429849,0.7881706587946335
20,3,7,"{39,40,41}",0.6354973365863165,0.007912943266754785,0.7307651730047332,15,0.8696327631122622,0.006777383486429849,0.7881706587946335
21,3,7,"{39,40,41}",0.5123235682646433,0.161598232606888,0.7307651730047332,15,0.7010782494711539,0.006777383486429849,0.7881706587946335
22,3,7,"{39,40,41}",0.5736619176136123,0.10668143607757793,0.7307651730047332,15,0.785015404134341,0.006777383486429849,0.7881706587946335
23,3,7,"{39,40,41}",0.4362819608714845,0.28011234530557116,0.7307651730047332,15,0.5970207352350914,0.006777383486429849,0.7881706587946335
24,3,7,"{39,40,41}",0.6641313400533463,0.060314197907729794,0.7307651730047332,15,0.9088163538535856,0.006777383486429849,0.7881706587946335
25,3,7,"{39,40,41}",0.5933892495102353,0.05135428589806835,0.7307651730047332,15,0.8120108503123642,0.006777383486429849,0.7881706587946335
26,3,7,"{39,40,41}",0.6720699543754259,0.05879523877072716,0.7307651730047332,15,0.9196797811423245,0.006777383486429849,0.7881706587946335
27,3,7,"{39,40,41}",0.6407750447591146,0.03693847550985399,0.7307651730047332,15,0.8768549301883114,0.006777383486429849,0.7881706587946335
28,3,7,"{39,40,41}",0.5126340902513928,0.3674093051683747,0.7307651730047332,15,0.701503176654633,0.006777383486429849,0.7881706587946335
29,3,7,"{39,40,41}",0.6262463869320022,0.11145221893247743,0.7307651730047332,15,0.8569734985549811,0.006777383486429849,0.7881706587946335
30,3,7,"{39,40,41}",0.5759676678313149,0.12522481627557783,0.7307651730047332,15,0.7881706587946335,0.006777383486429849,0.7881706587946335
0,1,8,{54},0.3507240480846829,0.011129140985001075,1.1399403015772502,30,0.30766878546131954,0.006777383486429849,1.0
1,1,8,{54},0.9626593887805939,0.12957471359652162,1.1399403015772502,30,0.8444822833692553,0.006777383486429849,1.0
2,1,8,{54},0.884247365925047,0.07880382342476853,1.1399403015772502,30,0.7756962050570367,0.006777383486429849,1.0
3,1,8,{54},0.9690070549647013,0.049162919472896444,1.1399403015772502,30,0.8500507032025788,0.006777383486429849,1.0
4,1,8,{54},0.942808190981547,0.09584062179345998,1.1399403015772502,30,0.8270680400342489,0.006777383486429849,1.0
5,1,8,{54},1.0417351689603593,0.07232780141081349,1.1399403015772502,30,0.9138506354402842,0.006777383486429849,1.0
6,1,8,{54},0.9930447108215756,0.07907966568301347,1.1399403015772502,30,0.8711374704864578,0.006777383486429849,1.0
7,1,8,{54},0.990254110760159,0.04210374729643004,1.1399403015772502,30,0.86868944750003,0.006777383486429849,1.0
8,1,8,{54},1.0617879297998216,0.026457396814230028,1.1399403015772502,30,0.9314416977193498,0.006777383486429849,1.0
9,1,8,{54},1.0515297717518275,0.02882302006262609,1.1399403015772502,30,0.9224428422233202,0.006777383486429849,1.0
10,1,8,{54},1.0708201262685988,0.08542166576569674,1.1399403015772502,30,0.9393650920026119,0.006777383486429849,1.0
11,1,8,{54},1.0379757086435955,0.04286084034117483,1.1399403015772502,30,0.9105526905289918,0.006777383486429849,1.0
12,1,8,{54},0.9798780348565842,0.11081491546295506,1.1399403015772502,30,0.8595871498716207,0.006777383486429849,1.0
13,1,8,{54},0.9912884434064231,0.1213292350720925,1.1399403015772502,30,0.8695968043544485,0.006777383486429849,1.0
14,1,8,{54},1.0420862403180864,0.037707539542263864,1.1399403015772502,30,0.9141586088992814,0.006777383486429849,1.0
15,1,8,{54},0.989309483104282,0.051323794777152015,1.1399403015772502,30,0.8678607833545743,0.006777383486429849,1.0
16,1,8,{54},1.076397048102485,0.07662642204141153,1.1399403015772502,30,0.9442573848938886,0.006777383486429849,1.0
17,1,8,{54},0.9956521987915039,0.054036018584193365,1.1399403015772502,30,0.8734248604193521,0.006777383486429849,1.0
18,1,8,{54},0.9866477251052856,0.1392835155115874,1.1399403015772502,30,0.8655257856399453,0.006777383486429849,1.0
19,1,8,{54},1.062435186571545,0.05826011062335932,1.1399403015772502,30,0.9320094965512955,0.006777383486429849,1.0
20,1,8,{54},1.0197446478737726,0.05553862954914022,1.1399403015772502,30,0.8945596944531464,0.006777383486429849,1.0
21,1,8,{54},0.9629901051521301,0.05801939452595405,1.1399403015772502,30,0.8447724006421324,0.006777383486429849,1.0
22,1,8,{54},1.00478243165546,0.02840924799034407,1.1399403015772502,30,0.881434256044126,0.006777383486429849,1.0
23,1,8,{54},1.0951040652063158,0.025862802850761323,1.1399403015772502,30,0.9606679083905553,0.006777383486429849,1.0
24,1,8,{54},0.9547590216000875,0.046940518659764965,1.1399403015772502,30,0.8375517737894334,0.006777383486429849,1.0
25,1,8,{54},1.09148684475157,0.06195123339050143,1.1399403015772502,30,0.9574947418223227,0.006777383486429849,1.0
26,1,8,{54},1.015511367056105,0.0677397042115274,1.1399403015772502,30,0.8908460957569599,0.006777383486429849,1.0
27,1,8,{54},1.0855423675643072,0.02103776426279394,1.1399403015772502,30,0.9522800150694939,0.006777383486429849,1.0
28,1,8,{54},1.111106577846739,0.07164391748532714,1.1399403015772502,30,0.9747059353102824,0.006777383486429849,1.0
29,1,8,{54},1.0141800343990328,0.042724029262627916,1.1399403015772502,30,0.8896781989335649,0.006777383486429849,1.0
30,1,8,{54},1.1399403015772502,0.035146288762342076,1.1399403015772502,30,1.0,0.006777383486429849,1.0
0,2,9,"{39,54}",-1.7136335372924805e-07,2.590617336439149e-07,0.8530992782778211,7,-2.008715258500567e-07,0.006777383486429849,0.9965052682458636
1,2,9,"{39,54}",0.6729222337404887,0.007409634932242348,0.8530992782778211,7,0.7887970965101956,0.006777383486429849,0.9965052682458636
2,2,9,"{39,54}",0.70799297425482,0.04975384861623894,0.8530992782778211,7,0.8299068962806628,0.006777383486429849,0.9965052682458636
3,2,9,"{39,54}",0.7770111511150996,0.02734584036907885,0.8530992782778211,7,0.9108097625913797,0.006777383486429849,0.9965052682458636
4,2,9,"{39,54}",0.7802634769015842,0.010907120723763765,0.8530992782778211,7,0.914622127540334,0.006777383486429849,0.9965052682458636
5,2,9,"{39,54}",0.8096654050880008,0.015388106433893614,0.8530992782778211,7,0.9490869652621186,0.006777383486429849,0.9965052682458636
6,2,9,"{39,54}",0.7976580146286222,0.07795005607101287,0.8530992782778211,7,0.9350119440247096,0.006777383486429849,0.9965052682458636
7,2,9,"{39,54}",0.8530992782778211,0.05287588950884306,0.8530992782778211,7,1.0,0.006777383486429849,0.9965052682458636
8,2,9,"{39,54}",0.8109927276770273,0.029005432944345433,0.8530992782778211,7,0.950642848173784,0.006777383486429849,0.9965052682458636
9,2,9,"{39,54}",0.8420203675826391,0.04845651234226388,0.8530992782778211,7,0.9870133395054005,0.006777383486429849,0.9965052682458636
10,2,9,"{39,54}",0.7432918118105993,0.03910061955247586,0.8530992782778211,7,0.8712840706079442,0.006777383486429849,0.9965052682458636
11,2,9,"{39,54}",0.8214335176679824,0.037316719708845925,0.8530992782778211,7,0.9628815058034473,0.006777383486429849,0.9965052682458636
12,2,9,"{39,54}",0.7785250594218572,0.041662632851593134,0.8530992782778211,7,0.9125843606309113,0.006777383486429849,0.9965052682458636
13,2,9,"{39,54}",0.7300880087746514,0.06142370999026961,0.8530992782778211,7,0.8558066187191057,0.006777383486429849,0.9965052682458636
14,2,9,"{39,54}",0.7754965788788266,0.024461097195720264,0.8530992782778211,7,0.9090343862959848,0.006777383486429849,0.9965052682458636
15,2,9,"{39,54}",0.8028724855846829,0.017574101604723943,0.8530992782778211,7,0.9411243287011887,0.006777383486429849,0.9965052682458636
16,2,9,"{39,54}",0.8233050256967545,0.027542649915045167,0.8530992782778211,7,0.9650752809904924,0.006777383486429849,0.9965052682458636
17,2,9,"{39,54}",0.834433944688903,0.07037885554322093,0.8530992782778211,7,0.9781205610364618,0.006777383486429849,0.9965052682458636
18,2,9,"{39,54}",0.7891829841666752,0.04336297853271009,0.8530992782778211,7,0.9250775428620972,0.006777383486429849,0.9965052682458636
19,2,9,"{39,54}",0.7763656824827194,0.048887977705737634,0.8530992782778211,7,0.9100531465106778,0.006777383486429849,0.9965052682458636
20,2,9,"{39,54}",0.8082402149836222,0.09084683023900923,0.8530992782778211,7,0.9474163623901344,0.006777383486429849,0.9965052682458636
21,2,9,"{39,54}",0.8015635940763687,0.07994420906083084,0.8530992782778211,7,0.9395900506380815,0.006777383486429849,0.9965052682458636
22,2,9,"{39,54}",0.7657754454347822,0.06778232931925399,0.8530992782778211,7,0.8976393075618089,0.006777383486429849,0.9965052682458636
23,2,9,"{39,54}",0.794966803656684,0.07446764203039555,0.8530992782778211,7,0.9318573159052591,0.006777383486429849,0.9965052682458636
24,2,9,"{39,54}",0.8093605438868204,0.05584545750186706,0.8530992782778211,7,0.9487296080248744,0.006777383486429849,0.9965052682458636
25,2,9,"{39,54}",0.8083487235837513,0.025889153759693844,0.8530992782778211,7,0.9475435557929329,0.006777383486429849,0.9965052682458636
26,2,9,"{39,54}",0.8061474959055582,0.07086222264817756,0.8530992782778211,7,0.9449632843822751,0.006777383486429849,0.9965052682458636
27,2,9,"{39,54}",0.8427183098263211,0.053147700719498175,0.8530992782778211,7,0.9878314649703416,0.006777383486429849,0.9965052682458636
28,2,9,"{39,54}",0.817917138338089,0.017623713433463247,0.8530992782778211,7,0.9587596182114286,0.006777383486429849,0.9965052682458636
29,2,9,"{39,54}",0.834058400657442,0.041889140763351033,0.8530992782778211,7,0.9776803496319707,0.006777383486429849,0.9965052682458636
30,2,9,"{39,54}",0.8501179251405927,0.09190674398666174,0.8530992782778211,7,0.9965052682458636,0.006777383486429849,0.9965052682458636
0,2,10,"{40,54}",-1.8398794862959121e-07,2.2217186090408727e-07,1.0490059190326266,12,-1.753926696612555e-07,0.006777383486429849,0.9980488995867851
1,2,10,"{40,54}",0.7901744196812311,0.031219413635572044,1.0490059190326266,12,0.7532602107811889,0.006777383486429849,0.9980488995867851
2,2,10,"{40,54}",0.7591541128026114,0.10569158495617487,1.0490059190326266,12,0.7236890650747604,0.006777383486429849,0.9980488995867851
3,2,10,"{40,54}",0.9074857698546515,0.11211526031091187,1.0490059190326266,12,0.8650911814601748,0.006777383486429849,0.9980488995867851
4,2,10,"{40,54}",0.8928272260559931,0.08335905206866553,1.0490059190326266,12,0.8511174339982194,0.006777383486429849,0.9980488995867851
5,2,10,"{40,54}",0.9339905265304779,0.08903040404697228,1.0490059190326266,12,0.8903577278112846,0.006777383486429849,0.9980488995867851
6,2,10,"{40,54}",0.7544356808066368,0.061550584568350324,1.0490059190326266,12,0.7191910618601305,0.006777383486429849,0.9980488995867851
7,2,10,"{40,54}",1.0096824963887532,0.02771936281595231,1.0490059190326266,12,0.9625136313052106,0.006777383486429849,0.9980488995867851
8,2,10,"{40,54}",0.8567880673540964,0.07293654664799877,1.0490059190326266,12,0.8167618998224625,0.006777383486429849,0.9980488995867851
9,2,10,"{40,54}",0.9929363975922266,0.09211098067374375,1.0490059190326266,12,0.9465498521761381,0.006777383486429849,0.9980488995867851
10,2,10,"{40,54}",0.9745723770724403,0.11822568721414402,1.0490059190326266,12,0.9290437350164549,0.006777383486429849,0.9980488995867851
11,2,10,"{40,54}",0.9373547931512197,0.08975719363698156,1.0490059190326266,12,0.8935648275613455,0.006777383486429849,0.9980488995867851
12,2,10,"{40,54}",1.0490059190326266,0.07187504850043001,1.0490059190326266,12,1.0,0.006777383486429849,0.9980488995867851
13,2,10,"{40,54}",0.9521133833461337,0.028428061254064788,1.0490059190326266,12,0.9076339475988416,0.006777383486429849,0.9980488995867851
14,2,10,"{40,54}",0.9119936443037456,0.19458726031342377,1.0490059190326266,12,0.8693884636463909,0.006777383486429849,0.9980488995867851
15,2,10,"{40,54}",0.9929945568243661,0.1284640771936213,1.0490059190326266,12,0.9466052944106234,0.006777383486429849,0.9980488995867851
16,2,10,"{40,54}",0.836362115210957,0.20692714647877672,1.0490059190326266,12,0.797290177334971,0.006777383486429849,0.9980488995867851
17,2,10,"{40,54}",0.8797780176003774,0.1523165850869237,1.0490059190326266,12,0.8386778393125675,0.006777383486429849,0.9980488995867851
18,2,10,"{40,54}",0.9629133641719818,0.04433462086264773,1.0490059190326266,12,0.9179293907702277,0.006777383486429849,0.9980488995867851
19,2,10,"{40,54}",0.998866049779786,0.013206788210971536,1.0490059190326266,12,0.9522024915749964,0.006777383486429849,0.9980488995867851
20,2,10,"{40,54}",0.727343600657251,0.25719829354140883,1.0490059190326266,12,0.693364629751559,0.006777383486429849,0.9980488995867851
21,2,10,"{40,54}",0.9334160875942971,0.07456894719995737,1.0490059190326266,12,0.8898101246702933,0.006777383486429849,0.9980488995867851
22,2,10,"{40,54}",0.9345171418454913,0.034416109999679485,1.0490059190326266,12,0.8908597414848577,0.006777383486429849,0.9980488995867851
23,2,10,"{40,54}",0.9679662403133181,0.027431765725022934,1.0490059190326266,12,0.9227462140594576,0.006777383486429849,0.9980488995867851
24,2,10,"{40,54}",0.9632517165607876,0.13472600591508907,1.0490059190326266,12,0.9182519365086901,0.006777383486429849,0.9980488995867851
25,2,10,"{40,54}",0.9109757757849164,0.09210936151171757,1.0490059190326266,12,0.8684181464152281,0.006777383486429849,0.9980488995867851
26,2,10,"{40,54}",0.8968057400650449,0.0766879094263759,1.0490059190326266,12,0.854910085628556,0.006777383486429849,0.9980488995867851
27,2,10,"{40,54}",0.929677156938447,0.11036431563312345,1.0490059190326266,12,0.8862458638896696,0.006777383486429849,0.9980488995867851
28,2,10,"{40,54}",0.9512016698718071,0.031038442380403753,1.0490059190326266,12,0.9067648262166025,0.006777383486429849,0.9980488995867851
29,2,10,"{40,54}",0.9456991768545574,0.05398848738141718,1.0490059190326266,12,0.9015193905928226,0.006777383486429849,0.9980488995867851
30,2,10,"{40,54}",1.0469592031505373,0.06404126266826562,1.0490059190326266,12,0.9980488995867851,0.006777383486429849,0.9980488995867851
0,3,11,"{39,40,54}",1.779860920376248e-08,1.1066567102912151e-07,0.6769179196821319,11,2.629360028187816e-08,0.006777383486429849,0.9291658198649634
1,3,11,"{39,40,54}",0.6005866229534149,0.04865752380934711,0.6769179196821319,11,0.8872369980033019,0.006777383486429849,0.9291658198649634
2,3,11,"{39,40,54}",0.569987565279007,0.03754409497290114,0.6769179196821319,11,0.8420335002309624,0.006777383486429849,0.9291658198649634
3,3,11,"{39,40,54}",0.597625405424171,0.14386450513769633,0.6769179196821319,11,0.8828624387795861,0.006777383486429849,0.9291658198649634
4,3,11,"{39,40,54}",0.6134011463986503,0.03819318512503048,0.6769179196821319,11,0.9061676882282745,0.006777383486429849,0.9291658198649634
5,3,11,"{39,40,54}",0.5500192840894064,0.13184441186212467,0.6769179196821319,11,0.8125346782778113,0.006777383486429849,0.9291658198649634
6,3,11,"{39,40,54}",0.5182203948497773,0.1484735786676935,0.6769179196821319,11,0.7655586885528515,0.006777383486429849,0.9291658198649634
7,3,11,"{39,40,54}",0.4788372980223761,0.13472424300824487,0.6769179196821319,11,0.7073786704409144,0.006777383486429849,0.9291658198649634
8,3,11,"{39,40,54}",0.45675678551197046,0.1973371270280541,0.6769179196821319,11,0.6747594829908699,0.006777383486429849,0.9291658198649634
9,3,11,"{39,40,54}",0.5564827902449502,0.08086868603783494,0.6769179196821319,11,0.8220831123901465,0.006777383486429849,0.9291658198649634
10,3,11,"{39,40,54}",0.6013870098524624,0.05657008387013398,0.6769179196821319,11,0.888419396748815,0.006777383486429849,0.9291658198649634
11,3,11,"{39,40,54}",0.6769179196821319,0.04430385295184636,0.6769179196821319,11,1.0,0.006777383486429849,0.9291658198649634
12,3,11,"{39,40,54}",0.4207780924108293,0.2208076001102214,0.6769179196821319,11,0.6216087359726256,0.006777383486429849,0.9291658198649634
13,3,11,"{39,40,54}",0.6329270468817817,0.11823885757634923,0.6769179196821319,11,0.9350129882497312,0.006777383486429849,0.9291658198649634
14,3,11,"{39,40,54}",0.5913494966096349,0.15704442961166237,0.6769179196821319,11,0.873591139214222,0.006777383486429849,0.9291658198649634
15,3,11,"{39,40,54}",0.6609427084525427,0.03638607436266854,0.6769179196821319,11,0.9764000763385154,0.006777383486429849,0.9291658198649634
16,3,11,"{39,40,54}",0.5975650383366479,0.11241333290024723,0.6769179196821319,11,0.8827732594481371,0.006777383486429849,0.9291658198649634
17,3,11,"{39,40,54}",0.4816340572304196,0.12422201819641635,0.6769179196821319,11,0.7115102780209837,0.006777383486429849,0.9291658198649634
18,3,11,"{39,40,54}",0.6386094449294938,0.07763511110929444,0.6769179196821319,11,0.9434075038660122,0.006777383486429849,0.9291658198649634
19,3,11,"{39,40,54}",0.6235043423043357,0.07133732587470785,0.6769179196821319,11,0.9210929777086146,0.006777383486429849,0.9291658198649634
20,3,11,"{39,40,54}",0.5482761338353157,0.14211243070273702,0.6769179196821319,11,0.8099595503289025,0.006777383486429849,0.9291658198649634
21,3,11,"{39,40,54}",0.6145517023073301,0.022070939294228716,0.6769179196821319,11,0.907867386042775,0.006777383486429849,0.9291658198649634
22,3,11,"{39,40,54}",0.5337970298197535,0.1794099299272833,0.6769179196821319,11,0.7885698018903307,0.006777383486429849,0.9291658198649634
23,3,11,"{39,40,54}",0.6164389219548968,0.07024001714551945,0.6769179196821319,11,0.9106553453989888,0.006777383486429849,0.9291658198649634
24,3,11,"{39,40,54}",0.5231658269961675,0.15220710376883295,0.6769179196821319,11,0.7728644962476935,0.006777383486429849,0.9291658198649634
25,3,11,"{39,40,54}",0.5940345724423727,0.16834542274818268,0.6769179196821319,11,0.8775577587328761,0.006777383486429849,0.9291658198649634
26,3,11,"{39,40,54}",0.5604977607727051,0.07190977375224451,0.6769179196821319,11,0.8280143640397413,0.006777383486429849,0.9291658198649634
27,3,11,"{39,40,54}",0.6757070902321073,0.07066616265251835,0.6769179196821319,11,0.9982112610483215,0.006777383486429849,0.9291658198649634
28,3,11,"{39,40,54}",0.5969865719477335,0.13735973128825105,0.6769179196821319,11,0.8819187003175619,0.006777383486429849,0.9291658198649634
29,3,11,"{39,40,54}",0.6259062737226486,0.14008998784971072,0.6769179196821319,11,0.9246413125191938,0.006777383486429849,0.9291658198649634
30,3,11,"{39,40,54}",0.6289689938227335,0.18157214360138557,0.6769179196821319,11,0.9291658198649634,0.006777383486429849,0.9291658198649634
0,2,12,"{41,54}",2.566311094495985e-08,1.8091147993490294e-07,1.0758740040991042,29,2.3853267991588997e-08,0.006777383486429849,0.9267868352244256
1,2,12,"{41,54}",0.7219021320343018,0.08558907432314572,1.0758740040991042,29,0.6709913328919914,0.006777383486429849,0.9267868352244256
2,2,12,"{41,54}",0.8554511467615763,0.012912406700183688,1.0758740040991042,29,0.7951220528633355,0.006777383486429849,0.9267868352244256
3,2,12,"{41,54}",0.9082912305990855,0.020243952210636906,1.0758740040991042,29,0.8442356885085758,0.006777383486429849,0.9267868352244256
4,2,12,"{41,54}",0.8589564859867096,0.19219891377211828,1.0758740040991042,29,0.7983801845885913,0.006777383486429849,0.9267868352244256
5,2,12,"{41,54}",0.9825061692131891,0.021343114085666578,1.0758740040991042,29,0.9132167572316261,0.006777383486429849,0.9267868352244256
6,2,12,"{41,54}",0.934895783662796,0.10221660119920137,1.0758740040991042,29,0.8689640051723734,0.006777383486429849,0.9267868352244256
7,2,12,"{41,54}",0.9981448021199969,0.08439204229085277,1.0758740040991042,29,0.9277525047701151,0.006777383486429849,0.9267868352244256
8,2,12,"{41,54}",0.964040305879381,0.05346948661083947,1.0758740040991042,29,0.896053164409927,0.006777383486429849,0.9267868352244256
9,2,12,"{41,54}",0.9219742880927191,0.07117792927651262,1.0758740040991042,29,0.8569537739363311,0.006777383486429849,0.9267868352244256
10,2,12,"{41,54}",1.0234661135408614,0.03197609025716173,1.0758740040991042,29,0.9512880780104663,0.006777383486429849,0.9267868352244256
11,2,12,"{41,54}",1.0111492276191711,0.039934602687349094,1.0758740040991042,29,0.9398398174569418,0.006777383486429849,0.9267868352244256
12,2,12,"{41,54}",0.9710534777906207,0.07054249414162746,1.0758740040991042,29,0.9025717454747351,0.006777383486429849,0.9267868352244256
13,2,12,"{41,54}",0.9485569927427505,0.04653174018320714,1.0758740040991042,29,0.8816617830050053,0.006777383486429849,0.9267868352244256
14,2,12,"{41,54}",1.0528963373767006,0.046018392724060934,1.0758740040991042,29,0.9786427902943485,0.006777383486429849,0.9267868352244256
15,2,12,"{41,54}",0.9950128164556292,0.00707325213851506,1.0758740040991042,29,0.9248413965432829,0.006777383486429849,0.9267868352244256
16,2,12,"{41,54}",0.9526455667283799,0.09684399827081891,1.0758740040991042,29,0.8854620179489223,0.006777383486429849,0.9267868352244256
17,2,12,"{41,54}",0.993409150176578,0.06122519077540323,1.0758740040991042,29,0.9233508258324551,0.006777383486429849,0.9267868352244256
18,2,12,"{41,54}",0.9125349223613739,0.11183464200950663,1.0758740040991042,29,0.8481801018377573,0.006777383486429849,0.9267868352244256
19,2,12,"{41,54}",0.957325084341897,0.15215775542185003,1.0758740040991042,29,0.8898115213254219,0.006777383486429849,0.9267868352244256
20,2,12,"{41,54}",1.0225793222586315,0.011649414459583018,1.0758740040991042,29,0.9504638260266363,0.006777383486429849,0.9267868352244256
21,2,12,"{41,54}",1.00309752424558,0.04454967817372826,1.0758740040991042,29,0.9323559454208912,0.006777383486429849,0.9267868352244256
22,2,12,"{41,54}",0.9732578959729937,0.0571212838651074,1.0758740040991042,29,0.9046207011832791,0.006777383486429849,0.9267868352244256
23,2,12,"{41,54}",0.9611471858289508,0.018412222351592032,1.0758740040991042,29,0.8933640762458785,0.006777383486429849,0.9267868352244256
24,2,12,"{41,54}",0.9406546685430738,0.02812163462943766,1.0758740040991042,29,0.8743167554557116,0.006777383486429849,0.9267868352244256
25,2,12,"{41,54}",0.9398294422361585,0.02590292873540065,1.0758740040991042,29,0.8735497266923331,0.006777383486429849,0.9267868352244256
26,2,12,"{41,54}",1.0003803008132512,0.024311422797386645,1.0758740040991042,29,0.9298303490945778,0.006777383486429849,0.9267868352244256
27,2,12,"{41,54}",0.9567680690023633,0.0873220841883765,1.0758740040991042,29,0.889293788452045,0.006777383486429849,0.9267868352244256
28,2,12,"{41,54}",1.0141911605993907,0.034759745811420904,1.0758740040991042,29,0.9426672237969312,0.006777383486429849,0.9267868352244256
29,2,12,"{41,54}",1.0758740040991042,0.05995415393760169,1.0758740040991042,29,1.0,0.006777383486429849,0.9267868352244256
30,2,12,"{41,54}",0.9971058633592395,0.1127328103282735,1.0758740040991042,29,0.9267868352244256,0.006777383486429849,0.9267868352244256
0,3,13,"{39,41,54}",-3.489355246225993e-07,2.743173188539857e-07,0.8125906801886029,13,-4.294111821976731e-07,0.006777383486429849,0.9702169511823586
1,3,13,"{39,41,54}",0.6248299347029791,0.15274826048822016,0.8125906801886029,13,0.7689356399681517,0.006777383486429849,0.9702169511823586
2,3,13,"{39,41,54}",0.6514924143751463,0.11621626435421648,0.8125906801886029,13,0.8017473375696782,0.006777383486429849,0.9702169511823586
3,3,13,"{39,41,54}",0.7162957406706281,0.033794302951753716,0.8125906801886029,13,0.8814963771235664,0.006777383486429849,0.9702169511823586
4,3,13,"{39,41,54}",0.6102856563197242,0.17585284233696377,0.8125906801886029,13,0.7510369872542427,0.006777383486429849,0.9702169511823586
5,3,13,"{39,41,54}",0.7061387515730327,0.09441144154879,0.8125906801886029,13,0.8689968624906421,0.006777383486429849,0.9702169511823586
6,3,13,"{39,41,54}",0.6935746636655594,0.03470954338221748,0.8125906801886029,13,0.8535350953133997,0.006777383486429849,0.9702169511823586
7,3,13,"{39,41,54}",0.698086784945594,0.0510093146802424,0.8125906801886029,13,0.8590878556268544,0.006777383486429849,0.9702169511823586
8,3,13,"{39,41,54}",0.7390636735492282,0.10014571559239596,0.8125906801886029,13,0.9095153212656721,0.006777383486429849,0.9702169511823586
9,3,13,"{39,41,54}",0.7107265889644623,0.1102380763414822,0.8125906801886029,13,0.8746428014649419,0.006777383486429849,0.9702169511823586
10,3,13,"{39,41,54}",0.7414121031761169,0.04684736513537986,0.8125906801886029,13,0.9124053736427725,0.006777383486429849,0.9702169511823586
11,3,13,"{39,41,54}",0.7731034325228797,0.05663025125263539,0.8125906801886029,13,0.9514057339956715,0.006777383486429849,0.9702169511823586
12,3,13,"{39,41,54}",0.7700360914071401,0.053921469365627216,0.8125906801886029,13,0.9476309662183353,0.006777383486429849,0.9702169511823586
13,3,13,"{39,41,54}",0.8125906801886029,0.032109392101576054,0.8125906801886029,13,1.0,0.006777383486429849,0.9702169511823586
14,3,13,"{39,41,54}",0.7245444224940405,0.005535226537743989,0.8125906801886029,13,0.8916474679796638,0.006777383486429849,0.9702169511823586
15,3,13,"{39,41,54}",0.693720918562677,0.11930446511043238,0.8125906801886029,13,0.8537150812530411,0.006777383486429849,0.9702169511823586
16,3,13,"{39,41,54}",0.7411302046643363,0.023614194153612458,0.8125906801886029,13,0.9120584603460127,0.006777383486429849,0.9702169511823586
17,3,13,"{39,41,54}",0.7162774387333127,0.06478811763719267,0.8125906801886029,13,0.88147385417596,0.006777383486429849,0.9702169511823586
18,3,13,"{39,41,54}",0.6379490064250097,0.06924446363124086,0.8125906801886029,13,0.78508038792291,0.006777383486429849,0.9702169511823586
19,3,13,"{39,41,54}",0.6820766561561161,0.1303660339615979,0.8125906801886029,13,0.8393852806652983,0.006777383486429849,0.9702169511823586
20,3,13,"{39,41,54}",0.7066083583566879,0.06860443366957995,0.8125906801886029,13,0.869574775571735,0.006777383486429849,0.9702169511823586
21,3,13,"{39,41,54}",0.6720768743091159,0.056885916677181576,0.8125906801886029,13,0.827079230287414,0.006777383486429849,0.9702169511823586
22,3,13,"{39,41,54}",0.7020011047522227,0.018737943830810386,0.8125906801886029,13,0.8639049423865994,0.006777383486429849,0.9702169511823586
23,3,13,"{39,41,54}",0.6451475967963537,0.10794245147826041,0.8125906801886029,13,0.7939392027565643,0.006777383486429849,0.9702169511823586
24,3,13,"{39,41,54}",0.6658488644493952,0.10246919123022864,0.8125906801886029,13,0.819414842777733,0.006777383486429849,0.9702169511823586
25,3,13,"{39,41,54}",0.6579211552937826,0.042976861900713904,0.8125906801886029,13,0.8096587511206486,0.006777383486429849,0.9702169511823586
26,3,13,"{39,41,54}",0.6877164973153008,0.0636631070014974,0.8125906801886029,13,0.8463258490186982,0.006777383486429849,0.9702169511823586
27,3,13,"{39,41,54}",0.7222123394409815,0.1254202117399885,0.8125906801886029,13,0.8887775322175188,0.006777383486429849,0.9702169511823586
28,3,13,"{39,41,54}",0.7315334512127771,0.06756482439962522,0.8125906801886029,13,0.9002483895618735,0.006777383486429849,0.9702169511823586
29,3,13,"{39,41,54}",0.7413156810734008,0.1236538853417019,0.8125906801886029,13,0.91228671352881,0.006777383486429849,0.9702169511823586
30,3,13,"{39,41,54}",0.7883892522917854,0.06713732135128066,0.8125906801886029,13,0.9702169511823586,0.006777383486429849,0.9702169511823586
0,3,14,"{40,41,54}",8.195638656616211e-08,2.0033612340314316e-07,0.9907571342256333,10,8.272096534557733e-08,0.006777383486429849,0.9526557550884023
1,3,14,"{40,41,54}",0.8294113584690624,0.11305319836883072,0.9907571342256333,10,0.8371490144426997,0.006777383486429849,0.9526557550884023
2,3,14,"{40,41,54}",0.8429235733217664,0.043578771031902504,0.9907571342256333,10,0.8507872860088842,0.006777383486429849,0.9526557550884023
3,3,14,"{40,41,54}",0.8902573684851328,0.035264736751917915,0.9907571342256333,10,0.8985626625650794,0.006777383486429849,0.9526557550884023
4,3,14,"{40,41,54}",0.859180670645502,0.05219176151719439,0.9907571342256333,10,0.8671960473108576,0.006777383486429849,0.9526557550884023
5,3,14,"{40,41,54}",0.8541646409365865,0.0825630797768646,0.9907571342256333,10,0.8621332225926325,0.006777383486429849,0.9526557550884023
6,3,14,"{40,41,54}",0.8724438365962771,0.05527038503009048,0.9907571342256333,10,0.8805829465746631,0.006777383486429849,0.9526557550884023
7,3,14,"{40,41,54}",0.9004279466138946,0.017004182023954602,0.9907571342256333,10,0.9088281229664431,0.006777383486429849,0.9526557550884023
8,3,14,"{40,41,54}",0.9638433472977743,0.04376640939578913,0.9907571342256333,10,0.9728351318419781,0.006777383486429849,0.9526557550884023
9,3,14,"{40,41,54}",0.9627073688639536,0.024602786437926436,0.9907571342256333,10,0.9716885557593253,0.006777383486429849,0.9526557550884023
10,3,14,"{40,41,54}",0.9907571342256333,0.059160860722006665,0.9907571342256333,10,1.0,0.006777383486429849,0.9526557550884023
11,3,14,"{40,41,54}",0.9666397389438418,0.012309478901706207,0.9907571342256333,10,0.975657611286704,0.006777383486429849,0.9526557550884023
12,3,14,"{40,41,54}",0.9849513719479243,0.07214651299136178,0.9907571342256333,10,0.9941400752241398,0.006777383486429849,0.9526557550884023
13,3,14,"{40,41,54}",0.9284648497899374,0.014259070032033725,0.9907571342256333,10,0.9371265850289506,0.006777383486429849,0.9526557550884023
14,3,14,"{40,41,54}",0.982807899514834,0.040513328651970444,0.9907571342256333,10,0.9919766061366672,0.006777383486429849,0.9526557550884023
15,3,14,"{40,41,54}",0.9487058735556072,0.03561908831476482,0.9907571342256333,10,0.9575564391944622,0.006777383486429849,0.9526557550884023
16,3,14,"{40,41,54}",0.9229561189810435,0.019024750230955463,0.9907571342256333,10,0.9315664627562006,0.006777383486429849,0.9526557550884023
17,3,14,"{40,41,54}",0.8817384342352549,0.08784914670252436,0.9907571342256333,10,0.8899642543824967,0.006777383486429849,0.9526557550884023
18,3,14,"{40,41,54}",0.92470683157444,0.04261852422446327,0.9907571342256333,10,0.9333335079107782,0.006777383486429849,0.9526557550884023
19,3,14,"{40,41,54}",0.9069138997130923,0.08788996455754351,0.9907571342256333,10,0.9153745841274491,0.006777383486429849,0.9526557550884023
20,3,14,"{40,41,54}",0.9262821127971014,0.032031036984706454,0.9907571342256333,10,0.9349234850789896,0.006777383486429849,0.9526557550884023
21,3,14,"{40,41,54}",0.9140819824404187,0.07228367564335672,0.9907571342256333,10,0.922609538567549,0.006777383486429849,0.9526557550884023
22,3,14,"{40,41,54}",0.8816688275999492,0.03979731206119846,0.9907571342256333,10,0.8898939983803937,0.006777383486429849,0.9526557550884023
23,3,14,"{40,41,54}",0.9088310740060277,0.009539843479862647,0.9907571342256333,10,0.9173096439182966,0.006777383486429849,0.9526557550884023
24,3,14,"{40,41,54}",0.8588804966873593,0.07652003494890569,0.9907571342256333,10,0.8668930730018437,0.006777383486429849,0.9526557550884023
25,3,14,"{40,41,54}",0.8615943607356812,0.029428744520154464,0.9907571342256333,10,0.8696322549411623,0.006777383486429849,0.9526557550884023
26,3,14,"{40,41,54}",0.86059456732538,0.06528835002694093,0.9907571342256333,10,0.8686231343648237,0.006777383486429849,0.9526557550884023
27,3,14,"{40,41,54}",0.8632621483670341,0.09492894732945924,0.9907571342256333,10,0.8713156015189857,0.006777383486429849,0.9526557550884023
28,3,14,"{40,41,54}",0.8544491032759348,0.051274723544657674,0.9907571342256333,10,0.862420338707694,0.006777383486429849,0.9526557550884023
29,3,14,"{40,41,54}",0.8708105716440412,0.04813020837215677,0.9907571342256333,10,0.8789344447412522,0.006777383486429849,0.9526557550884023
30,3,14,"{40,41,54}",0.9438504858149422,0.031703243729539456,0.9907571342256333,10,0.9526557550884023,0.006777383486429849,0.9526557550884023
0,4,15,"{39,40,41,54}",-4.548993375566271e-07,2.92208686462867e-07,0.7486940763062901,14,-6.07590405684642e-07,0.006777383486429849,0.8076468256783133
1,4,15,"{39,40,41,54}",0.6181564389003648,0.10586609995549638,0.7486940763062901,14,0.8256462264935531,0.006777383486429849,0.8076468256783133
2,4,15,"{39,40,41,54}",0.5526042125291295,0.13608295896223088,0.7486940763062901,14,0.7380908037304406,0.006777383486429849,0.8076468256783133
3,4,15,"{39,40,41,54}",0.6602447686923875,0.05443085819396381,0.7486940763062901,14,0.8818618840284264,0.006777383486429849,0.8076468256783133
4,4,15,"{39,40,41,54}",0.5746305514540936,0.0737625528948452,0.7486940763062901,14,0.7675104821037915,0.006777383486429849,0.8076468256783133
5,4,15,"{39,40,41,54}",0.6653693550162845,0.052760355683688406,0.7486940763062901,14,0.8887065840014505,0.006777383486429849,0.8076468256783133
6,4,15,"{39,40,41,54}",0.6739178424080213,0.10642078524272829,0.7486940763062901,14,0.900124448336522,0.006777383486429849,0.8076468256783133
7,4,15,"{39,40,41,54}",0.6490493441621462,0.07539091144292932,0.7486940763062901,14,0.8669086142156421,0.006777383486429849,0.8076468256783133
8,4,15,"{39,40,41,54}",0.6756947305467395,0.07550441859672613,0.7486940763062901,14,0.9024977650154578,0.006777383486429849,0.8076468256783133
9,4,15,"{39,40,41,54}",0.6639883696205086,0.03646422382286492,0.7486940763062901,14,0.886862058394157,0.006777383486429849,0.8076468256783133
10,4,15,"{39,40,41,54}",0.6578490138053894,0.08626302137321672,0.7486940763062901,14,0.8786619723918637,0.006777383486429849,0.8076468256783133
11,4,15,"{39,40,41,54}",0.7007977979050741,0.06863346230286518,0.7486940763062901,14,0.936026903488386,0.006777383486429849,0.8076468256783133
12,4,15,"{39,40,41,54}",0.28860277237577575,0.6556075095246826,0.7486940763062901,14,0.38547489757045783,0.006777383486429849,0.8076468256783133
13,4,15,"{39,40,41,54}",0.6475875750184059,0.10168630901144582,0.7486940763062901,14,0.8649561890663048,0.006777383486429849,0.8076468256783133
14,4,15,"{39,40,41,54}",0.7486940763062901,0.03748436931726036,0.7486940763062901,14,1.0,0.006777383486429849,0.8076468256783133
15,4,15,"{39,40,41,54}",0.5503499706586202,0.3214295582249612,0.7486940763062901,14,0.7350799052315095,0.006777383486429849,0.8076468256783133
16,4,15,"{39,40,41,54}",0.5372547888093524,0.28174516843394676,0.7486940763062901,14,0.7175892074102131,0.006777383486429849,0.8076468256783133
17,4,15,"{39,40,41,54}",0.698205441236496,0.019089404313662472,0.7486940763062901,14,0.9325643989079202,0.006777383486429849,0.8076468256783133
18,4,15,"{39,40,41,54}",0.6214305096202427,0.07300452943790407,0.7486940763062901,14,0.8300192685991227,0.006777383486429849,0.8076468256783133
19,4,15,"{39,40,41,54}",0.665301455391778,0.01462777209148457,0.7486940763062901,14,0.8886158932551828,0.006777383486429849,0.8076468256783133
20,4,15,"{39,40,41,54}",0.6516363629036479,0.06730369294063872,0.7486940763062901,14,0.8703639891456334,0.006777383486429849,0.8076468256783133
21,4,15,"{39,40,41,54}",0.6005907720989652,0.061870307122765665,0.7486940763062901,14,0.8021844850997111,0.006777383486429849,0.8076468256783133
22,4,15,"{39,40,41,54}",0.6508782671557533,0.04927442247671231,0.7486940763062901,14,0.869351431718126,0.006777383486429849,0.8076468256783133
23,4,15,"{39,40,41,54}",0.6714360134469138,0.0375458117371774,0.7486940763062901,14,0.8968095710860545,0.006777383486429849,0.8076468256783133
24,4,15,"{39,40,41,54}",0.6417963206768036,0.04988612648544178,0.7486940763062901,14,0.8572210479387381,0.006777383486429849,0.8076468256783133
25,4,15,"{39,40,41,54}",0.6588208675384521,0.03658909333175027,0.7486940763062901,14,0.8799600376014316,0.006777383486429849,0.8076468256783133
26,4,15,"{39,40,41,54}",0.6800472488005956,0.05741222753163207,0.7486940763062901,14,0.9083112453027996,0.006777383486429849,0.8076468256783133
27,4,15,"{39,40,41,54}",0.6718796739975611,0.03658515436654288,0.7486940763062901,14,0.8974021503045734,0.006777383486429849,0.8076468256783133
28,4,15,"{39,40,41,54}",0.6561861630115243,0.027799795222625885,0.7486940763062901,14,0.8764409707217706,0.006777383486429849,0.8076468256783133
29,4,15,"{39,40,41,54}",0.6782443275054296,0.09918618013659214,0.7486940763062901,14,0.9059031572035043,0.006777383486429849,0.8076468256783133
30,4,15,"{39,40,41,54}",0.6046803941329321,0.025097205389902583,0.7486940763062901,14,0.8076468256783133,0.006777383486429849,0.8076468256783133
