layer,order_k,n_subsets,mean_peak_normalized_score,sd_peak_normalized_score_across_subsets,min_peak_normalized_score,max_peak_normalized_score,interpretation
0,1,4,0.29417980637568364,0.23187262539739342,0.03855977270443295,0.5975328335934788,descriptive mean after within-subset peak normalization
1,1,4,0.8101719176458264,0.14064102100906553,0.6059272786082931,0.9268233404426447,descriptive mean after within-subset peak normalization
2,1,4,0.8419219466418019,0.05966070135589596,0.7756962050570367,0.8989812388468489,descriptive mean after within-subset peak normalization
3,1,4,0.8868213607670797,0.038336585892973875,0.8500507032025788,0.9332508182226381,descriptive mean after within-subset peak normalization
4,1,4,0.8696425222931654,0.035143443740264124,0.8270680400342489,0.9122574211981368,descriptive mean after within-subset peak normalization
5,1,4,0.9142400080751596,0.02406027538794449,0.8964305213328122,0.9483770283511317,descriptive mean after within-subset peak normalization
6,1,4,0.8665526837138819,0.026458216671964064,0.8283216005239901,0.8884472747871704,descriptive mean after within-subset peak normalization
7,1,4,0.9068786573551196,0.03282404849367987,0.86868944750003,0.9416978403033933,descriptive mean after within-subset peak normalization
8,1,4,0.9512983222161868,0.024009969954479907,0.9314416977193498,0.9824584911771466,descriptive mean after within-subset peak normalization
9,1,4,0.9045043372545514,0.05323600108932759,0.8251856233427707,0.9368072147837624,descriptive mean after within-subset peak normalization
10,1,4,0.950880791886251,0.020695553437401717,0.9308419519640594,0.9779032130959499,descriptive mean after within-subset peak normalization
11,1,4,0.8927437027123764,0.02602049325578273,0.8606111761069535,0.9169195400066814,descriptive mean after within-subset peak normalization
12,1,4,0.9272242163718589,0.07184348989327585,0.8595871498716207,1.0,descriptive mean after within-subset peak normalization
13,1,4,0.8994957802731725,0.04253948933686555,0.8695968043544485,0.9604690213790157,descriptive mean after within-subset peak normalization
14,1,4,0.9105147448025337,0.04102859143094843,0.8515492202621104,0.9420214856719026,descriptive mean after within-subset peak normalization
15,1,4,0.8613855268916085,0.08289855922150403,0.743367327742964,0.9317408086926755,descriptive mean after within-subset peak normalization
16,1,4,0.9425751110991958,0.04519287540814917,0.8897845795253151,1.0,descriptive mean after within-subset peak normalization
17,1,4,0.9064348622215193,0.048469110620735334,0.871436719818362,0.9752288755667187,descriptive mean after within-subset peak normalization
18,1,4,0.8654764355329856,0.04185033198782182,0.8098816231146005,0.910868986033817,descriptive mean after within-subset peak normalization
19,1,4,0.8654918286020525,0.049340383458430996,0.8208210398608891,0.9320094965512955,descriptive mean after within-subset peak normalization
20,1,4,0.8852625265275741,0.0436963613620195,0.8395299059071474,0.9414699551774208,descriptive mean after within-subset peak normalization
21,1,4,0.8981782728691086,0.059466520991901105,0.8447724006421324,0.9522628050349308,descriptive mean after within-subset peak normalization
22,1,4,0.8828134738970059,0.03762884464845278,0.8301171633677735,0.9117093390744001,descriptive mean after within-subset peak normalization
23,1,4,0.9357480014506337,0.027176376662162043,0.9037880178543092,0.9606679083905553,descriptive mean after within-subset peak normalization
24,1,4,0.8879388262826113,0.04225846851876916,0.8375517737894334,0.9256770052174572,descriptive mean after within-subset peak normalization
25,1,4,0.9209947278137424,0.040067441762051056,0.8643962314615597,0.9574947418223227,descriptive mean after within-subset peak normalization
26,1,4,0.9014592663041594,0.032106143386632445,0.8636172809179595,0.9393581100167708,descriptive mean after within-subset peak normalization
27,1,4,0.9480407239954807,0.033022134484938105,0.9210568674492616,0.9930777239117943,descriptive mean after within-subset peak normalization
28,1,4,0.9383877047134517,0.057528765267749665,0.8863898071385974,1.0,descriptive mean after within-subset peak normalization
29,1,4,0.9476030302827715,0.04739028126996238,0.8896781989335649,0.9877281549281575,descriptive mean after within-subset peak normalization
30,1,4,0.9604285560531536,0.04578688213840067,0.9019638714102426,1.0,descriptive mean after within-subset peak normalization
0,2,6,-1.1195204892426194e-07,1.047715850087945e-07,-2.157526489641773e-07,2.3853267991588997e-08,descriptive mean after within-subset peak normalization
1,2,6,0.5962010922548193,0.40666530859678013,-0.2280001172639939,0.8087082749978889,descriptive mean after within-subset peak normalization
2,2,6,0.7068303465396549,0.1735005110866745,0.4663801747714566,0.8992128090109364,descriptive mean after within-subset peak normalization
3,2,6,0.8122734533791975,0.13105075678541492,0.5660291920720446,0.9135034891441028,descriptive mean after within-subset peak normalization
4,2,6,0.8395559250550977,0.057268782265307634,0.7516763777370931,0.914622127540334,descriptive mean after within-subset peak normalization
5,2,6,0.8851622358208137,0.048336098188561584,0.8053068636466779,0.9490869652621186,descriptive mean after within-subset peak normalization
6,2,6,0.8629468862068368,0.08056631491904151,0.7191910618601305,0.9350119440247096,descriptive mean after within-subset peak normalization
7,2,6,0.9251069343267035,0.07609256390852363,0.7894408509481637,1.0,descriptive mean after within-subset peak normalization
8,2,6,0.8881870925530676,0.07082175864053934,0.7871298737794455,0.9563480593318273,descriptive mean after within-subset peak normalization
9,2,6,0.8628037615450546,0.1354038793579363,0.6135740853382122,0.9870133395054005,descriptive mean after within-subset peak normalization
10,2,6,0.9173033399019372,0.044262746135198004,0.8638853207039606,0.9764812247429098,descriptive mean after within-subset peak normalization
11,2,6,0.9128957066847668,0.06894080815245303,0.7941187260269066,0.9892371959130801,descriptive mean after within-subset peak normalization
12,2,6,0.9599556245157785,0.04340151920894519,0.9025717454747351,1.0,descriptive mean after within-subset peak normalization
13,2,6,0.9195925448831624,0.06076436941855813,0.8558066187191057,1.0,descriptive mean after within-subset peak normalization
14,2,6,0.9106748154536201,0.03732829209433268,0.8693884636463909,0.9786427902943485,descriptive mean after within-subset peak normalization
15,2,6,0.9389322186838901,0.03238169330511266,0.8827563233264033,0.9697387329260495,descriptive mean after within-subset peak normalization
16,2,6,0.9120171863399054,0.06796492580516465,0.797290177334971,0.9762530351210592,descriptive mean after within-subset peak normalization
17,2,6,0.9067237565650214,0.04728966771821005,0.8386778393125675,0.9781205610364618,descriptive mean after within-subset peak normalization
18,2,6,0.8694479026046006,0.042635045125970376,0.8270350201386141,0.9250775428620972,descriptive mean after within-subset peak normalization
19,2,6,0.8720377294245697,0.06369133215182798,0.764059785180557,0.9522024915749964,descriptive mean after within-subset peak normalization
20,2,6,0.8587354230279515,0.09595333352571725,0.693364629751559,0.9504638260266363,descriptive mean after within-subset peak normalization
21,2,6,0.8981955021687494,0.030020117990817746,0.86997250963985,0.9395900506380815,descriptive mean after within-subset peak normalization
22,2,6,0.8920504737619437,0.058318942514718884,0.7864398344993242,0.9658037121076861,descriptive mean after within-subset peak normalization
23,2,6,0.8874185448985225,0.054995672880680385,0.7857154071026949,0.9318573159052591,descriptive mean after within-subset peak normalization
24,2,6,0.8542049065317124,0.10385857326344128,0.6639396111914343,0.9487296080248744,descriptive mean after within-subset peak normalization
25,2,6,0.8896287232445456,0.032767517086008856,0.8652993309015243,0.9475435557929329,descriptive mean after within-subset peak normalization
26,2,6,0.889905467903441,0.04581693251377257,0.8227224116694477,0.9449632843822751,descriptive mean after within-subset peak normalization
27,2,6,0.9207201058015192,0.06022659218333543,0.849398134252759,1.0,descriptive mean after within-subset peak normalization
28,2,6,0.8403458665889895,0.16088062308033976,0.5243020681070648,0.9587596182114286,descriptive mean after within-subset peak normalization
29,2,6,0.92957137668095,0.05446674829866026,0.8591932286458593,1.0,descriptive mean after within-subset peak normalization
30,2,6,0.971326691060321,0.02691737176695942,0.9267868352244256,0.9980488995867851,descriptive mean after within-subset peak normalization
0,3,4,-9.624216840702819e-08,2.3025160553463506e-07,-4.294111821976731e-07,8.272096534557733e-08,descriptive mean after within-subset peak normalization
1,3,4,0.8263502794751554,0.049409520444424135,0.7689356399681517,0.8872369980033019,descriptive mean after within-subset peak normalization
2,3,4,0.8052981084832843,0.05663017099635766,0.7266243101236125,0.8507872860088842,descriptive mean after within-subset peak normalization
3,3,4,0.891503346730248,0.010938211824809878,0.8814963771235664,0.90309190845276,descriptive mean after within-subset peak normalization
4,3,4,0.8287154958879615,0.07065628574310068,0.7510369872542427,0.9061676882282745,descriptive mean after within-subset peak normalization
5,3,4,0.849365105723902,0.02532811925543461,0.8125346782778113,0.8689968624906421,descriptive mean after within-subset peak normalization
6,3,4,0.8411211282793655,0.05158191406118939,0.7655586885528515,0.8805829465746631,descriptive mean after within-subset peak normalization
7,3,4,0.8475232067109602,0.09670995578586615,0.7073786704409144,0.9147981778096289,descriptive mean after within-subset peak normalization
8,3,4,0.8560786651803228,0.12843673377642273,0.6747594829908699,0.9728351318419781,descriptive mean after within-subset peak normalization
9,3,4,0.8912644194368565,0.06207335579712222,0.8220831123901465,0.9716885557593253,descriptive mean after within-subset peak normalization
10,3,4,0.9278840592716228,0.04930400977534076,0.888419396748815,1.0,descriptive mean after within-subset peak normalization
11,3,4,0.9625879011058951,0.032863278329600884,0.9232882591412047,1.0,descriptive mean after within-subset peak normalization
12,3,4,0.8874459933340924,0.17838911713086514,0.6216087359726256,0.9941400752241398,descriptive mean after within-subset peak normalization
13,3,4,0.9070316027287757,0.10511312929142116,0.7559868376364207,1.0,descriptive mean after within-subset peak normalization
14,3,4,0.8939659022271204,0.07234024005555849,0.8186483955779283,0.9919766061366672,descriptive mean after within-subset peak normalization
15,3,4,0.9469178991965047,0.06451576551674768,0.8537150812530411,1.0,descriptive mean after within-subset peak normalization
16,3,4,0.9123779189299659,0.02129155298270541,0.8827732594481371,0.9315664627562006,descriptive mean after within-subset peak normalization
17,3,4,0.8331987002447029,0.08294182120324076,0.7115102780209837,0.8899642543824967,descriptive mean after within-subset peak normalization
18,3,4,0.8906662354945387,0.0726959107187067,0.78508038792291,0.9434075038660122,descriptive mean after within-subset peak normalization
19,3,4,0.8268270977498231,0.1354676636488384,0.6314555484979304,0.9210929777086146,descriptive mean after within-subset peak normalization
20,3,4,0.8710226435229723,0.05104261941800914,0.8099595503289025,0.9349234850789896,descriptive mean after within-subset peak normalization
21,3,4,0.839658601092223,0.10148243000265302,0.7010782494711539,0.922609538567549,descriptive mean after within-subset peak normalization
22,3,4,0.8318460366979162,0.05311396531632754,0.785015404134341,0.8898939983803937,descriptive mean after within-subset peak normalization
23,3,4,0.8047312318272353,0.14961498921222635,0.5970207352350914,0.9173096439182966,descriptive mean after within-subset peak normalization
24,3,4,0.841997191470214,0.05880447091860457,0.7728644962476935,0.9088163538535856,descriptive mean after within-subset peak normalization
25,3,4,0.8422149037767628,0.036391466320046896,0.8096587511206486,0.8775577587328761,descriptive mean after within-subset peak normalization
26,3,4,0.865660782141397,0.03965652623256251,0.8280143640397413,0.9196797811423245,descriptive mean after within-subset peak normalization
27,3,4,0.9087898312432843,0.060057861043869634,0.8713156015189857,0.9982112610483215,descriptive mean after within-subset peak normalization
28,3,4,0.8365226513104406,0.0913285638596586,0.701503176654633,0.9002483895618735,descriptive mean after within-subset peak normalization
29,3,4,0.8932089923360592,0.03092315161061038,0.8569734985549811,0.9246413125191938,descriptive mean after within-subset peak normalization
30,3,4,0.9100522962325894,0.0829765041882467,0.7881706587946335,0.9702169511823586,descriptive mean after within-subset peak normalization
0,4,1,-6.07590405684642e-07,0.0,-6.07590405684642e-07,-6.07590405684642e-07,descriptive mean after within-subset peak normalization
1,4,1,0.8256462264935531,0.0,0.8256462264935531,0.8256462264935531,descriptive mean after within-subset peak normalization
2,4,1,0.7380908037304406,0.0,0.7380908037304406,0.7380908037304406,descriptive mean after within-subset peak normalization
3,4,1,0.8818618840284264,0.0,0.8818618840284264,0.8818618840284264,descriptive mean after within-subset peak normalization
4,4,1,0.7675104821037915,0.0,0.7675104821037915,0.7675104821037915,descriptive mean after within-subset peak normalization
5,4,1,0.8887065840014505,0.0,0.8887065840014505,0.8887065840014505,descriptive mean after within-subset peak normalization
6,4,1,0.900124448336522,0.0,0.900124448336522,0.900124448336522,descriptive mean after within-subset peak normalization
7,4,1,0.8669086142156421,0.0,0.8669086142156421,0.8669086142156421,descriptive mean after within-subset peak normalization
8,4,1,0.9024977650154578,0.0,0.9024977650154578,0.9024977650154578,descriptive mean after within-subset peak normalization
9,4,1,0.886862058394157,0.0,0.886862058394157,0.886862058394157,descriptive mean after within-subset peak normalization
10,4,1,0.8786619723918637,0.0,0.8786619723918637,0.8786619723918637,descriptive mean after within-subset peak normalization
11,4,1,0.936026903488386,0.0,0.936026903488386,0.936026903488386,descriptive mean after within-subset peak normalization
12,4,1,0.38547489757045783,0.0,0.38547489757045783,0.38547489757045783,descriptive mean after within-subset peak normalization
13,4,1,0.8649561890663048,0.0,0.8649561890663048,0.8649561890663048,descriptive mean after within-subset peak normalization
14,4,1,1.0,0.0,1.0,1.0,descriptive mean after within-subset peak normalization
15,4,1,0.7350799052315095,0.0,0.7350799052315095,0.7350799052315095,descriptive mean after within-subset peak normalization
16,4,1,0.7175892074102131,0.0,0.7175892074102131,0.7175892074102131,descriptive mean after within-subset peak normalization
17,4,1,0.9325643989079202,0.0,0.9325643989079202,0.9325643989079202,descriptive mean after within-subset peak normalization
18,4,1,0.8300192685991227,0.0,0.8300192685991227,0.8300192685991227,descriptive mean after within-subset peak normalization
19,4,1,0.8886158932551828,0.0,0.8886158932551828,0.8886158932551828,descriptive mean after within-subset peak normalization
20,4,1,0.8703639891456334,0.0,0.8703639891456334,0.8703639891456334,descriptive mean after within-subset peak normalization
21,4,1,0.8021844850997111,0.0,0.8021844850997111,0.8021844850997111,descriptive mean after within-subset peak normalization
22,4,1,0.869351431718126,0.0,0.869351431718126,0.869351431718126,descriptive mean after within-subset peak normalization
23,4,1,0.8968095710860545,0.0,0.8968095710860545,0.8968095710860545,descriptive mean after within-subset peak normalization
24,4,1,0.8572210479387381,0.0,0.8572210479387381,0.8572210479387381,descriptive mean after within-subset peak normalization
25,4,1,0.8799600376014316,0.0,0.8799600376014316,0.8799600376014316,descriptive mean after within-subset peak normalization
26,4,1,0.9083112453027996,0.0,0.9083112453027996,0.9083112453027996,descriptive mean after within-subset peak normalization
27,4,1,0.8974021503045734,0.0,0.8974021503045734,0.8974021503045734,descriptive mean after within-subset peak normalization
28,4,1,0.8764409707217706,0.0,0.8764409707217706,0.8764409707217706,descriptive mean after within-subset peak normalization
29,4,1,0.9059031572035043,0.0,0.9059031572035043,0.9059031572035043,descriptive mean after within-subset peak normalization
30,4,1,0.8076468256783133,0.0,0.8076468256783133,0.8076468256783133,descriptive mean after within-subset peak normalization
