layer,order_k,n_subset_masks,descriptive_score_mean_across_subsets,descriptive_score_sd_across_subsets,max_subset_critic_seed_sd
0,1,4,0.3201022901468807,0.2722459732402038,0.03213651868307984
0,2,6,-1.0230750949294478e-07,1.0078131303160189e-07,2.9354444464345985e-07
0,3,4,-7.409188482496474e-08,1.9066359947955315e-07,2.8666183481471455e-07
0,4,1,-4.548993375566271e-07,0.0,2.92208686462867e-07
1,1,4,0.8655057959258555,0.17436002305298826,0.18861102652391265
1,2,6,0.5742275037423328,0.367031612457614,0.9184818904556209
1,3,4,0.6620668268038167,0.11236891445851756,0.15274826048822016
1,4,1,0.6181564389003648,0.0,0.10586609995549638
2,1,4,0.904935601684782,0.14701712365991537,0.07880382342476853
2,2,6,0.6614659087801421,0.21839068616174304,0.2973816014490866
2,3,4,0.6488488231682116,0.13878206817628275,0.2715467881186835
2,4,1,0.5526042125291295,0.0,0.13608295896223088
3,1,4,0.9498500823974609,0.11652842050703523,0.10162921047276348
3,2,6,0.753244375879014,0.18719786250576115,0.41345621368115754
3,3,4,0.7160316573248969,0.12585715766910185,0.14386450513769633
3,4,1,0.6602447686923875,0.0,0.05443085819396381
4,1,4,0.9327660815583335,0.12507199367958333,0.09584062179345998
4,2,6,0.7731702787180742,0.12403310264586917,0.19219891377211828
4,3,4,0.665127258333895,0.13037595153390963,0.17585284233696377
4,4,1,0.5746305514540936,0.0,0.0737625528948452
5,1,4,0.981348136232959,0.13427149067282682,0.07232780141081349
5,2,6,0.8168449968927437,0.1411846521366154,0.08903040404697228
5,3,4,0.6835617023623651,0.1303908265902943,0.13184441186212467
5,4,1,0.6653693550162845,0.0,0.052760355683688406
6,1,4,0.9282623819179007,0.11070748465698167,0.1027567053773879
6,2,6,0.7907355702309697,0.11297160536911646,0.10221660119920137
6,3,4,0.6790525760087702,0.14798051391090858,0.1484735786676935
6,4,1,0.6739178424080213,0.0,0.10642078524272829
7,1,4,0.9699802042709457,0.10137333792992033,0.08324039616042266
7,2,6,0.8540161254781266,0.15909311947961838,0.08439204229085277
7,3,4,0.6864636695633332,0.17257570039038936,0.13472424300824487
7,4,1,0.6490493441621462,0.0,0.07539091144292932
8,1,4,1.0195761579606268,0.12567507706697434,0.06539772521734248
8,2,6,0.8178037109750288,0.13453359989167774,0.09121701932520183
8,3,4,0.6983467042446136,0.21188695859888,0.1973371270280541
8,4,1,0.6756947305467395,0.0,0.07550441859672613
9,1,4,0.9750526671608288,0.16984466748655094,0.09105964785492177
9,2,6,0.7987741873496108,0.19046467014646182,0.5020817721026537
9,3,4,0.7212880942970514,0.17312666646866048,0.1102380763414822
9,4,1,0.6639883696205086,0.0,0.03646422382286492
10,1,4,1.0192675905095205,0.1261900960323671,0.08542166576569674
10,2,6,0.8441928111844592,0.13293322447454467,0.14524522038220827
10,3,4,0.749768117442727,0.1705489803279949,0.059160860722006665
10,4,1,0.6578490138053894,0.0,0.08626302137321672
11,1,4,0.9555709850456982,0.10584974898707601,0.09862614873839673
11,2,6,0.8385970041983658,0.1282810504708857,0.15677067387825458
11,3,4,0.7728419988933537,0.1371003988994182,0.05663025125263539
11,4,1,0.7007977979050741,0.0,0.06863346230286518
12,1,4,0.9978192349274954,0.17260131177111698,0.11081491546295506
12,2,6,0.8817484887937704,0.1243565794648082,0.07187504850043001
12,3,4,0.7241488471627235,0.23249976832475314,0.2208076001102214
12,4,1,0.28860277237577575,0.0,0.6556075095246826
13,1,4,0.9663665758238899,0.1444965843244453,0.14966746649664892
13,2,6,0.8441987843425185,0.1210359928947301,0.0982012750161066
13,3,4,0.7316078572637505,0.1704374220941658,0.15673248103003398
13,4,1,0.6475875750184059,0.0,0.10168630901144582
14,1,4,0.9801545101735327,0.1583966754884841,0.13269404570861565
14,2,6,0.8391441247529454,0.13837718495505513,0.19458726031342377
14,3,4,0.7242353887607653,0.18293295999713582,0.15704442961166237
14,4,1,0.7486940763062901,0.0,0.03748436931726036
15,1,4,0.931347857746813,0.19021698864095413,0.12562523284871052
15,2,6,0.8633705314110826,0.12589912922292404,0.1284640771936213
15,3,4,0.75853366839389,0.12995030454652648,0.11930446511043238
15,4,1,0.5503499706586202,0.0,0.3214295582249612
16,1,4,1.0140392316712274,0.16068870900916346,0.11228876804152142
16,2,6,0.833685555667789,0.09118383070995979,0.20692714647877672
16,3,4,0.7340576383802626,0.13892512692386808,0.11241333290024723
16,4,1,0.5372547888093524,0.0,0.28174516843394676
17,1,4,0.9740878293911616,0.14923464071387416,0.10750433898159087
17,2,6,0.8314907819170644,0.10679847604605994,0.1523165850869237
17,3,4,0.6751720230612489,0.16807414688090716,0.12422201819641635
17,4,1,0.698205441236496,0.0,0.019089404313662472
18,1,4,0.9315919031699499,0.15088527445205183,0.1392835155115874
18,2,6,0.8012278931284392,0.13133036357449487,0.11828087769536737
18,3,4,0.7148925924880637,0.140194620362556,0.07763511110929444
18,4,1,0.6214305096202427,0.0,0.07300452943790407
19,1,4,0.930919153822793,0.14964847308966814,0.12427887540828872
19,2,6,0.8054138390968243,0.15294848469849395,0.15215775542185003
19,3,4,0.6684851553291082,0.18432000711047392,0.2008325976701938
19,4,1,0.665301455391778,0.0,0.01462777209148457
20,1,4,0.952112540602684,0.14959640337546384,0.144924359592547
20,2,6,0.7887991426719559,0.1418046787541436,0.25719829354140883
20,3,4,0.7041659853938554,0.16161535445443834,0.14211243070273702
20,4,1,0.6516363629036479,0.0,0.06730369294063872
21,1,4,0.9662677902314398,0.1602006931869104,0.05801939452595405
21,2,6,0.8269373517207526,0.128416893372522,0.07994420906083084
21,3,4,0.678258531830377,0.1705323869619071,0.161598232606888
21,4,1,0.6005907720989652,0.0,0.061870307122765665
22,1,4,0.9445391123493514,0.1046520174849986,0.07961421445656391
22,2,6,0.820043524382291,0.1263312621042529,0.06778232931925399
22,3,4,0.6727822199463844,0.1566621369863472,0.1794099299272833
22,4,1,0.6508782671557533,0.0,0.04927442247671231
23,1,4,1.0053869262337685,0.14523066964074302,0.09957417015057232
23,2,6,0.818779310832421,0.14464443301761712,0.17957155830577892
23,3,4,0.6516748884071907,0.19477131538614334,0.28011234530557116
23,4,1,0.6714360134469138,0.0,0.0375458117371774
24,1,4,0.953293778002262,0.13761211105614518,0.11194076997039522
24,2,6,0.790689600010713,0.17322183302626734,0.4118178267745447
24,3,4,0.6780066320465671,0.13787840640650909,0.15220710376883295
24,4,1,0.6417963206768036,0.0,0.04988612648544178
25,1,4,0.9912568546003764,0.158701712241318,0.06324043884957316
25,2,6,0.8166704290994892,0.1060187593495162,0.09210936151171757
25,3,4,0.676734834495518,0.12690261206536987,0.16834542274818268
25,4,1,0.6588208675384521,0.0,0.03658909333175027
26,1,4,0.965912438929081,0.11956740679289683,0.13820568675270525
26,2,6,0.8202031917042203,0.1350405325668514,0.10312157875692535
26,3,4,0.6952196949472029,0.12395033471120605,0.07190977375224451
26,4,1,0.6800472488005956,0.0,0.05741222753163207
27,1,4,1.0181884587638907,0.14538734901744826,0.07614751998377305
27,2,6,0.8453646500905355,0.11568079819107725,0.11036431563312345
27,3,4,0.7254891556998093,0.09771876255864784,0.1254202117399885
27,4,1,0.6718796739975611,0.0,0.03658515436654288
28,1,4,1.0020732374654875,0.09804089467965056,0.11955406964487922
28,2,6,0.7801418722503716,0.21404744759056735,0.35413277843102187
28,3,4,0.6739008041719595,0.15037947826709386,0.3674093051683747
28,4,1,0.6561861630115243,0.0,0.027799795222625885
29,1,4,1.0134399177299607,0.11105536701820423,0.08316843918111627
29,2,6,0.8578522710336579,0.15313823118133213,0.05995415393760169
29,3,4,0.7160697283430232,0.11659011954434768,0.14008998784971072
29,4,1,0.6782443275054296,0.0,0.09918618013659214
30,1,4,1.027631427678797,0.11706242047439712,0.20330854331055195
30,2,6,0.8928268755337706,0.1254021152723926,0.1127328103282735
30,3,4,0.734294099940194,0.16633380238926188,0.18157214360138557
30,4,1,0.6046803941329321,0.0,0.025097205389902583
