layer,order_k,subset_mask,score_mean,critic_seed_sd,score_min,score_max,mean_best_val,mean_best_step,mean_final_training_step,mean_product_shuffle_sd,mean_joint_minus_mismatch_score
0,1,1,0.2033920817905002,0.016269880752978777,0.1855781078338623,0.2174668312072754,0.19581242402394614,525.0,775.0,0.32939183394350535,0.3969303369522095
0,1,2,0.6825905905829536,0.03213651868307984,0.6467427810033163,0.708818515141805,0.9250839551289877,916.6666666666666,1000.0,0.3878776143844092,4.573591391245524
0,1,4,0.043702440129386046,0.005712231855446532,0.03925995031992594,0.05014598369598389,0.04421211282412211,283.3333333333333,533.3333333333334,0.01551163686083386,0.09975966811180115
0,1,8,0.3507240480846829,0.011129140985001075,0.34237035115559894,0.36335782210032147,0.35268988211949664,850.0,958.3333333333334,0.048165327094162845,1.1520195404688518
0,2,3,4.346172014872233e-09,2.9354444464345985e-07,-2.8312206268310547e-07,3.03611159324646e-07,-1.7198423544565836e-07,25.0,275.0,0.0,-2.483526865641276e-09
0,2,5,-8.071462313334148e-08,1.2601910641410297e-07,-2.2351741790771484e-07,1.4901161193847656e-08,-6.20881716410319e-09,25.0,275.0,0.0,1.241763432820638e-09
0,2,6,-2.077884144253201e-07,1.3684961691789675e-07,-3.5762786865234375e-07,-8.940696716308594e-08,-3.849466641743978e-08,25.0,275.0,7.492773068603383e-08,-2.483526865641276e-09
0,2,9,-1.7136335372924805e-07,2.590617336439149e-07,-4.6938657760620117e-07,0.0,9.437402089436849e-08,25.0,275.0,0.0,2.483526865641276e-09
0,2,10,-1.8398794862959121e-07,2.2217186090408727e-07,-4.402051369349162e-07,-4.470348358154297e-08,1.825392246246338e-07,25.0,275.0,5.92355722188894e-08,0.0
0,2,12,2.566311094495985e-08,1.8091147993490294e-07,-9.685754776000977e-08,2.3345152537027994e-07,1.4528632164001465e-07,25.0,275.0,5.923557221888938e-08,2.483526865641276e-09
0,3,7,-4.718701044718424e-08,2.8666183481471455e-07,-2.3096799850463867e-07,2.8312206268310547e-07,-1.9868214925130207e-08,25.0,275.0,0.0,1.241763432820638e-09
0,3,11,1.779860920376248e-08,1.1066567102912151e-07,-8.940696716308594e-08,1.3162692387898764e-07,-2.284844716389974e-07,25.0,275.0,7.492773068603383e-08,1.241763432820638e-09
0,3,13,-3.489355246225993e-07,2.743173188539857e-07,-5.774199962615967e-07,-4.470348358154297e-08,5.8362881342569985e-08,25.0,275.0,0.0,0.0
0,3,14,8.195638656616211e-08,2.0033612340314316e-07,-4.470348358154297e-08,3.129243850708008e-07,1.1983017126719156e-07,25.0,275.0,0.0,-5.587935447692871e-09
0,4,15,-4.548993375566271e-07,2.92208686462867e-07,-7.872780164082845e-07,-2.384185791015625e-07,-3.19133202234904e-07,25.0,275.0,7.492773068603383e-08,-2.483526865641276e-09
1,1,1,0.7538697454664441,0.06814145786847128,0.7005041837692261,0.8306259314219157,0.7237580592433611,833.3333333333334,975.0,0.38958315489914713,2.4934120178222656
1,1,2,1.0587550269232855,0.09150498339482785,0.9531847635904948,1.1153285106023152,1.1619030982255936,850.0,975.0,0.40851145962664176,5.563595136006673
1,1,4,0.6867390225330988,0.18861102652391265,0.5360889832178751,0.8982717643181483,0.9311657771468163,925.0,1000.0,0.3760204614575831,3.840041001637777
1,1,8,0.9626593887805939,0.12957471359652162,0.8251802623271942,1.0825284322102864,0.9566714614629745,991.6666666666666,1000.0,0.19442292408498996,4.14962911605835
1,2,3,0.6750505740443865,0.06189266276449415,0.6270708069205284,0.7449115614096323,0.764041505753994,941.6666666666666,1000.0,0.3454335267186967,3.27864662806193
1,2,5,-0.16921404169665447,0.9184818904556209,-1.2256334573030472,0.44018985827763873,0.5514805528024832,908.3333333333334,1000.0,1.1935111072912634,1.8624635934829712
1,2,6,0.7545297046502432,0.05143272386537032,0.702268918355306,0.8050923049449921,0.973264013727506,858.3333333333334,1000.0,0.3769744457533171,4.377437432607015
1,2,9,0.6729222337404887,0.007409634932242348,0.6657286087671915,0.6805304686228434,0.7063052803277969,950.0,1000.0,0.22293900287801108,2.5741265614827475
1,2,10,0.7901744196812311,0.031219413635572044,0.7577798018852869,0.8200682004292806,0.9550298030177752,925.0,1000.0,0.28689023891431326,3.816803057988485
1,2,12,0.7219021320343018,0.08558907432314572,0.6292736728986105,0.7980570395787557,0.5744646191596985,833.3333333333334,975.0,0.13539911519845524,2.724320650100708
1,3,7,0.5934393910898103,0.10654466163988616,0.47150810311237973,0.6685943156480789,0.8275198141733805,758.3333333333334,925.0,0.4265277257990377,3.9553284645080566
1,3,11,0.6005866229534149,0.04865752380934711,0.5557453980048498,0.6523245175679525,0.9250028605262438,925.0,1000.0,0.34982013653913474,3.999316374460856
1,3,13,0.6248299347029791,0.15274826048822016,0.45539236068725586,0.7519776324431101,0.7767300084233284,891.6666666666666,1000.0,0.3333556239217719,2.7665436267852783
1,3,14,0.8294113584690624,0.11305319836883072,0.6998404239614805,0.9079647362232208,0.9099532316128413,975.0,1000.0,0.31823523983786717,4.846587498982747
1,4,15,0.6181564389003648,0.10586609995549638,0.49616194019714993,0.6859092662731806,0.6832932258645693,833.3333333333334,975.0,0.2937866111470806,3.5992812315622964
2,1,1,0.7052874399556054,0.040058995494336155,0.674929807583491,0.7506909767786661,0.707407553990682,958.3333333333334,1000.0,0.3619584937275541,2.3403321901957193
2,1,2,1.0269496507114833,0.054813721069229535,0.9877073764801025,1.0895774960517883,1.2529716889063518,900.0,1000.0,0.3829025484199386,5.69445006052653
2,1,4,1.003257950146993,0.03043507741177153,0.9709386825561523,1.0313713550567627,0.984396773080031,891.6666666666666,1000.0,0.18902813388593706,4.17823052406311
2,1,8,0.884247365925047,0.07880382342476853,0.8204898337523142,0.9723513523737589,0.8764876921971639,916.6666666666666,1000.0,0.16107351976774728,3.513734499613444
2,2,3,0.38930009057124454,0.2973816014490866,0.05714742342631022,0.6308202520012856,0.6316730156540871,833.3333333333334,933.3333333333334,0.6745258548728342,2.750051736831665
2,2,5,0.3908776160743502,0.29569108365381624,0.05012095967928568,0.5798810025056204,0.6179300559063753,925.0,1000.0,0.5524563109893368,1.9904214143753052
2,2,6,0.8660195122162501,0.04602275951502871,0.8354658683141073,0.9189520180225372,1.0667764320969582,975.0,1000.0,0.39273336294156014,4.749397436777751
2,2,9,0.70799297425482,0.04975384861623894,0.6734168032805125,0.7650153239568075,0.6743021905422211,966.6666666666666,1000.0,0.25595021361534714,2.8092430432637534
2,2,10,0.7591541128026114,0.10569158495617487,0.6841807663440704,0.8800371835629145,0.9922451252738634,883.3333333333334,1000.0,0.31435382312052074,3.740988334019979
2,2,12,0.8554511467615763,0.012912406700183688,0.8409399588902792,0.8656731049219767,0.7469826738039652,908.3333333333334,1000.0,0.15602297198107662,3.694276968638102
2,3,7,0.5309917396969266,0.2715467881186835,0.2227626939614614,0.7349439958731333,0.7900071342786154,925.0,1000.0,0.545121353786994,3.7343668142954507
2,3,11,0.569987565279007,0.03754409497290114,0.5269842942555746,0.5962429443995158,0.7969169219334921,900.0,1000.0,0.47604976074898303,3.313466231028239
2,3,13,0.6514924143751463,0.11621626435421648,0.5182570690910021,0.7319837013880411,0.7344048023223877,900.0,1000.0,0.2710746697115256,2.566365639368693
2,3,14,0.8429235733217664,0.043578771031902504,0.796156128247579,0.8823918799559275,0.9120685557524363,958.3333333333334,1000.0,0.31296550760207775,4.76279878616333
2,4,15,0.5526042125291295,0.13608295896223088,0.39560048033793765,0.6366687019666036,0.6886445668836435,775.0,883.3333333333334,0.28291932003244663,3.5280713637669883
3,1,1,0.7881026797824436,0.054426393615230995,0.7560837268829346,0.8509450753529867,0.7125332107146581,900.0,1000.0,0.4002942334809334,2.698319355646769
3,1,2,1.0660974449581568,0.10162921047276348,0.9493428468704224,1.134710431098938,1.21100552380085,875.0,975.0,0.4136097282089759,5.70391050974528
3,1,4,0.9761931498845419,0.08868398552389278,0.9214569330215454,1.0785133043924968,1.0899278372526169,975.0,1000.0,0.23102465157657737,4.701638380686442
3,1,8,0.9690070549647013,0.049162919472896444,0.9289348522822062,1.0238663752873738,0.9490523735682169,933.3333333333334,1000.0,0.2125090085896456,4.01122522354126
3,2,3,0.47247980866167283,0.41345621368115754,-0.004004607597986857,0.7365675469239553,0.7695107807715734,941.6666666666666,1000.0,0.6951003345646534,3.6367201010386148
3,2,5,0.5744156249695354,0.05856461100987525,0.507858802874883,0.6180601219336191,0.6167164829870065,866.6666666666666,1000.0,0.30776787067507066,2.231853405634562
3,2,6,0.879782670074039,0.0650100102363079,0.8093853294849396,0.9375526110331217,1.0494110137224197,908.3333333333334,1000.0,0.4096747764066462,5.036680380503337
3,2,9,0.7770111511150996,0.02734584036907885,0.7510768075784048,0.8055780778328577,0.7477454940478007,875.0,1000.0,0.2424479645955103,2.9682932694753013
3,2,10,0.9074857698546515,0.11211526031091187,0.7780713687340418,0.9751537442207336,1.0626745993892353,958.3333333333334,1000.0,0.30214437208275235,4.646749019622803
3,2,12,0.9082912305990855,0.020243952210636906,0.8858923514684042,0.9252816339333853,0.7869096199671427,841.6666666666666,1000.0,0.1911486669219821,4.033432960510254
3,3,7,0.6599481147196559,0.01758231612448924,0.6396630307038625,0.6708147873481115,0.7523005108038584,875.0,1000.0,0.34364064168653236,3.34053635597229
3,3,11,0.597625405424171,0.14386450513769633,0.44137153774499893,0.7245943546295166,0.7274160385131836,775.0,983.3333333333334,0.335101983245871,3.1699116230010986
3,3,13,0.7162957406706281,0.033794302951753716,0.6810019661982855,0.7483584880828857,0.8097933505972227,975.0,1000.0,0.28496431725593285,2.7911561330159507
3,3,14,0.8902573684851328,0.035264736751917915,0.849537213643392,0.9106757591168085,0.9004648625850677,916.6666666666666,1000.0,0.3339605267874452,4.725659688313802
3,4,15,0.6602447686923875,0.05443085819396381,0.6286516189575195,0.7230958119034767,0.7952256922920545,933.3333333333334,1000.0,0.2836040911798942,4.2159379323323565
4,1,1,0.7538524071375529,0.005600381387221765,0.7483352422714233,0.7595324516296387,0.6765348662932714,933.3333333333334,1000.0,0.3865326791481721,2.687788486480713
4,1,2,1.0004797048038907,0.05742960796990843,0.9420862197875977,1.0568942824999492,1.163379540046056,916.6666666666666,1000.0,0.3893332395131632,5.688469409942627
4,1,4,1.0339240233103435,0.007672525615255699,1.0257933934529622,1.04103684425354,1.0653194586435955,941.6666666666666,1000.0,0.23501279519192475,4.295650641123454
4,1,8,0.942808190981547,0.09584062179345998,0.8345966736475626,1.0169919331868489,0.9797759801149368,791.6666666666666,950.0,0.2070893837105168,3.600630760192871
4,2,3,0.7080876413318845,0.01976601471762818,0.6959811349709829,0.7308970789114634,0.7439732650915781,925.0,1000.0,0.3748803514226515,3.3892383575439453
4,2,5,0.5578690022230148,0.009821435821399802,0.5498215903838476,0.5688129663467407,0.6282082883020242,925.0,1000.0,0.3482792126903635,2.081671873728434
4,2,6,0.8410178398092588,0.05060608437070296,0.7871686195333799,0.8875937064488729,1.026374666641156,933.3333333333334,1000.0,0.4093543326146145,4.667031447092692
4,2,9,0.7802634769015842,0.010907120723763765,0.7697163025538126,0.7914980302254359,0.7617596363027891,916.6666666666666,1000.0,0.2623162111002649,3.1122868061065674
4,2,10,0.8928272260559931,0.08335905206866553,0.8002039094765981,0.9618197679519653,1.0770932485659916,958.3333333333334,1000.0,0.2981049290787805,4.721700827280681
4,2,12,0.8589564859867096,0.19219891377211828,0.6506417195002238,1.0294021864732106,0.798456055422624,916.6666666666666,1000.0,0.2529412236253484,4.418947219848633
4,3,7,0.5776415599717035,0.05834255150441322,0.5193332632382711,0.636018306016922,0.7329067314664522,916.6666666666666,1000.0,0.4084737130349292,3.141526381174723
4,3,11,0.6134011463986503,0.03819318512503048,0.5740724802017212,0.6503473023573557,0.832347683608532,800.0,1000.0,0.49505411240747677,3.31804625193278
4,3,13,0.6102856563197242,0.17585284233696377,0.42499367396036786,0.7748648325602213,0.6343981648484865,716.6666666666666,891.6666666666666,0.2429889711289369,2.0211473306020102
4,3,14,0.859180670645502,0.05219176151719439,0.8047320495049158,0.9087766309579214,0.9519405017296473,966.6666666666666,1000.0,0.3997850310211839,5.098267873128255
4,4,15,0.5746305514540936,0.0737625528948452,0.5209467622141043,0.658738948404789,0.7933040906985601,966.6666666666666,1000.0,0.3044423326892909,4.202157338460286
5,1,1,0.7842942211363052,0.027234020402280065,0.7541623910268148,0.807154138882955,0.7128222535053889,875.0,1000.0,0.38458933573529835,2.552399476369222
5,1,2,1.0833768447240193,0.032541199730006104,1.0467805067698162,1.1090547641118367,1.2658028999964397,950.0,1000.0,0.4373206727386853,6.014060656229655
5,1,4,1.015986310111152,0.07227472979062345,0.9448862075805664,1.0893810192743938,1.0337771972020466,925.0,1000.0,0.22059497628262859,4.373609701792399
5,1,8,1.0417351689603593,0.07232780141081349,0.9643419086933136,1.1076167821884155,1.0611365636189778,916.6666666666666,1000.0,0.22244028989068423,4.360766410827637
5,2,3,0.7222220823168755,0.07128655919237845,0.6421290412545204,0.7787185907363892,0.7506950671474139,891.6666666666666,983.3333333333334,0.34018078629060194,3.4902499516805015
5,2,5,0.5976717505190109,0.022485907828405854,0.5717299481232961,0.6115824480851492,0.6683859849969546,975.0,1000.0,0.3202673029089838,2.3579273223876953
5,2,6,0.855014047688908,0.04667324670161456,0.8116860787073771,0.9044342438379923,1.0462238043546677,933.3333333333334,1000.0,0.4222799405460944,4.828835487365723
5,2,9,0.8096654050880008,0.015388106433893614,0.7960222164789835,0.8263455679019293,0.7602323219180107,975.0,1000.0,0.23074597676396316,3.270197550455729
5,2,10,0.9339905265304779,0.08903040404697228,0.8652719259262085,1.0345671077569325,1.1360255032777786,891.6666666666666,1000.0,0.3133424455249349,4.624837398529053
5,2,12,0.9825061692131891,0.021343114085666578,0.960793137550354,1.003459056218465,0.8149838199218115,850.0,1000.0,0.1940975201153334,4.306611696879069
5,3,7,0.6239241328504351,0.045237226078542254,0.5719436903794607,0.6543788611888885,0.7147602637608846,841.6666666666666,1000.0,0.36955286397451825,3.0983007748921714
5,3,11,0.5500192840894064,0.13184441186212467,0.44301160673300427,0.6973046064376831,0.7616850895186266,825.0,983.3333333333334,0.4143426983034519,3.2241260210673013
5,3,13,0.7061387515730327,0.09441144154879,0.5985722045103709,0.7752712517976761,0.7406263376275698,858.3333333333334,1000.0,0.27198162221656047,2.5807313919067383
5,3,14,0.8541646409365865,0.0825630797768646,0.7600782290101051,0.9145297259092331,0.901966504752636,925.0,1000.0,0.3698795145175744,4.937933603922526
5,4,15,0.6653693550162845,0.052760355683688406,0.6045688887437185,0.6991061444083849,0.8201691930492719,975.0,1000.0,0.3805113658850415,4.360258420308431
6,1,1,0.7668347325589923,0.1027567053773879,0.691590815782547,0.8839092254638672,0.7141537914673487,858.3333333333334,966.6666666666666,0.39165783716992725,2.7129664421081543
6,1,2,0.9462317360772028,0.04513367684036343,0.8944679498672485,0.9773511489232382,1.194257731239001,808.3333333333334,983.3333333333334,0.40128308548423747,5.498684565226237
6,1,4,1.0069383482138317,0.08423723154000413,0.9133005142211914,1.076558103164037,1.0364043712615967,908.3333333333334,1000.0,0.21758928583685522,4.335749864578247
6,1,8,0.9930447108215756,0.07907966568301347,0.9424018065134684,1.0841693977514903,1.0314349631468456,858.3333333333334,958.3333333333334,0.21320976718078236,4.099790096282959
6,2,3,0.7570493353737725,0.05810478825641123,0.7156801621119181,0.8234789768854777,0.83749970048666,941.6666666666666,1000.0,0.4215200547704184,3.6627734502156577
6,2,5,0.613728404045105,0.061946926642981466,0.5571380853652954,0.6799125274022421,0.6572419305642446,841.6666666666666,941.6666666666666,0.29959409447384444,2.180065155029297
6,2,6,0.8866462028688855,0.039492153960218025,0.8496882071097692,0.92825980981191,1.0760162423054378,950.0,1000.0,0.41076264928129386,5.051980654398601
6,2,9,0.7976580146286222,0.07795005607101287,0.7464084575573603,0.8873633941014608,0.7781584585706393,891.6666666666666,1000.0,0.2478296394323881,3.2028636932373047
6,2,10,0.7544356808066368,0.061550584568350324,0.683536892135938,0.7941857477029165,0.9813426757852236,700.0,908.3333333333334,0.264945988999405,3.8072685400644937
6,2,12,0.934895783662796,0.10221660119920137,0.842528223991394,1.0447145303090413,0.8505455205837885,933.3333333333334,1000.0,0.1840740323550163,4.444886843363444
6,3,7,0.631971408923467,0.04713214533924837,0.5939344565073649,0.6846994062264761,0.7105555422604084,916.6666666666666,1000.0,0.39420724553811953,3.2321075598398843
6,3,11,0.5182203948497773,0.1484735786676935,0.3529042402903239,0.640214592218399,0.8298343221346537,858.3333333333334,1000.0,0.6826418138588154,3.3501697381337485
6,3,13,0.6935746636655594,0.03470954338221748,0.6670467853546143,0.7328569839398066,0.7779624760150909,891.6666666666666,1000.0,0.2841164549404313,2.7037646770477295
6,3,14,0.8724438365962771,0.05527038503009048,0.8357995351155599,0.9360176374514898,0.938158484796683,891.6666666666666,1000.0,0.40498684696059284,4.928734143575032
6,4,15,0.6739178424080213,0.10642078524272829,0.551180899143219,0.7404935782154402,0.7377060179909071,841.6666666666666,941.6666666666666,0.3003493668956701,3.592994292577108
7,1,1,0.8221826288435193,0.08324039616042266,0.7337974707285563,0.8990862369537354,0.7823775857686996,925.0,1000.0,0.3553736635386539,2.682774066925049
7,1,2,1.0188530617290075,0.05156111651678394,0.9675323565800985,1.0706512729326885,1.2452757308880489,900.0,1000.0,0.3941240697224249,5.676234881083171
7,1,4,1.048631015751097,0.060965412911245395,1.0124491651852925,1.1190185646216075,1.0871693193912506,958.3333333333334,1000.0,0.2268559120444119,4.697873751322429
7,1,8,0.990254110760159,0.04210374729643004,0.9550392230351766,1.0368901491165161,1.0100112011035283,875.0,966.6666666666666,0.18976099415670658,4.376208941141765
7,2,3,0.6589675363567141,0.03451672032125539,0.6213614543279012,0.6892047772804896,0.8154856736461321,950.0,1000.0,0.4901586481079598,3.7163724104563394
7,2,5,0.6640561785962847,0.04534337058863144,0.6217946112155914,0.7119543155034384,0.691364087164402,950.0,1000.0,0.2952797950360764,2.419736305872599
7,2,6,0.9401464611291885,0.020058326883263936,0.9217041283845901,0.9615021546681722,1.094735103348891,958.3333333333334,1000.0,0.42826525697242274,5.447982947031657
7,2,9,0.8530992782778211,0.05287588950884306,0.7920737266540527,0.8852767546971639,0.8182126507163048,941.6666666666666,1000.0,0.27679735865266697,3.463876167933146
7,2,10,1.0096824963887532,0.02771936281595231,0.9830960035324097,1.0384105046590169,1.0721428841352463,975.0,1000.0,0.3335882082740003,5.0148599942525225
7,2,12,0.9981448021199969,0.08439204229085277,0.947976311047872,1.0955779155095418,0.863462803264459,841.6666666666666,991.6666666666666,0.14882395511428512,4.587862014770508
7,3,7,0.6685026486714681,0.0042375192905022415,0.6638531237840652,0.6721476415793101,0.7379332259297371,950.0,1000.0,0.3694209726458419,3.389662583669027
7,3,11,0.4788372980223761,0.13472424300824487,0.3572210172812144,0.623655746380488,0.811056099832058,891.6666666666666,1000.0,0.532244251025455,3.6447951793670654
7,3,13,0.698086784945594,0.0510093146802424,0.6588970820109049,0.7557614942391714,0.7201293210188547,766.6666666666666,991.6666666666666,0.276368401386246,2.4298110008239746
7,3,14,0.9004279466138946,0.017004182023954602,0.8883946314454079,0.9198811848958334,0.9043939610322317,975.0,1000.0,0.34881904322314644,5.1218803723653155
7,4,15,0.6490493441621462,0.07539091144292932,0.56663578748703,0.7145417928695679,0.7698282400767008,950.0,1000.0,0.319169891907308,4.086651245752971
8,1,1,0.8363287680678898,0.06539772521734248,0.7608656783898672,0.8764798243840536,0.7818756476044655,950.0,1000.0,0.39688983639507797,2.713827133178711
8,1,2,1.1223097443580627,0.06332226024354506,1.0492749611536663,1.1618518630663555,1.2965554396311443,908.3333333333334,1000.0,0.39867603704382887,5.804379940032959
8,1,4,1.0578781896167333,0.025167731208503383,1.0289172331492107,1.0744471947352092,1.103828713297844,975.0,1000.0,0.23264263405528193,4.7931521733601885
8,1,8,1.0617879297998216,0.026457396814230028,1.0331284801165264,1.085281213124593,1.050958717862765,866.6666666666666,1000.0,0.20094645565756145,4.2658610343933105
8,2,3,0.7697740793228149,0.06240230525766783,0.6977251768112183,0.8066728512446085,0.8454350754618645,866.6666666666666,991.6666666666666,0.42273816269183845,3.5590328375498452
8,2,5,0.584181398153305,0.023157959527467024,0.5646695593992869,0.6097726325194041,0.6155708755056063,850.0,975.0,0.2887943732980516,2.326113303502401
8,2,6,0.9210456874635485,0.09121701932520183,0.8159334659576416,0.9794421990712484,1.1233162805438042,983.3333333333334,1000.0,0.38609859665345,5.26018746693929
8,2,9,0.8109927276770273,0.029005432944345433,0.7825415035088857,0.8405222942431768,0.8030202140410742,916.6666666666666,1000.0,0.2553427639517973,3.3862055937449136
8,2,10,0.8567880673540964,0.07293654664799877,0.7855616807937622,0.9313222219546636,1.0430025259653728,825.0,1000.0,0.3215530676834871,4.681609948476155
8,2,12,0.964040305879381,0.05346948661083947,0.9163697560628256,1.021855354309082,0.8417882521947225,858.3333333333334,983.3333333333334,0.17960519365473268,4.538397789001465
8,3,7,0.6337230106194814,0.0325459314136493,0.6037245988845825,0.6683260202407837,0.7594257146120071,941.6666666666666,1000.0,0.45254379163406205,3.640658140182495
8,3,11,0.45675678551197046,0.1973371270280541,0.23117806514104208,0.5974320272604624,0.7912175382177035,966.6666666666666,1000.0,0.7152036010509898,3.607602119445801
8,3,13,0.7390636735492282,0.10014571559239596,0.6451042493184408,0.8444204727808634,0.7461289564768473,941.6666666666666,1000.0,0.321900167148409,2.7399491469065347
8,3,14,0.9638433472977743,0.04376640939578913,0.9274428735176722,1.012403964996338,1.0037899414698284,900.0,1000.0,0.3464196723710917,5.019519964853923
8,4,15,0.6756947305467395,0.07550441859672613,0.6019281496604284,0.752824584643046,0.7484603772560755,841.6666666666666,950.0,0.359983897955016,3.7645579973856607
9,1,1,0.7204575141270956,0.09105964785492177,0.627204974492391,0.809153159459432,0.7013178914785385,716.6666666666666,900.0,0.39256482958271627,2.2315999269485474
9,1,2,1.0664753913879395,0.0855543860676943,1.0035890539487202,1.1638998786608379,1.2352462162574132,950.0,1000.0,0.41358113880181424,6.134364763895671
9,1,4,1.0617479913764531,0.0719742137827394,0.9890793661276499,1.1330070892969768,1.1065401087204616,958.3333333333334,1000.0,0.22321804250094632,4.878090063730876
9,1,8,1.0515297717518275,0.02882302006262609,1.0319889783859253,1.0846322178840637,1.0656707286834717,908.3333333333334,1000.0,0.2329796355213635,4.593062559763591
9,2,3,0.5121668113602532,0.5020817721026537,-0.06423455476760864,0.854285995165507,0.8480482498804728,866.6666666666666,991.6666666666666,0.7695789669490405,3.636840343475342
9,2,5,0.6172838004098998,0.10446413373868307,0.4983961159984271,0.6943924129009247,0.6829235206047694,958.3333333333334,1000.0,0.34466869798089333,2.5010876655578613
9,2,6,0.9062634590599271,0.0835577064415243,0.812729557355245,0.9735352198282877,1.0907719110449154,891.6666666666666,1000.0,0.4017440364560925,4.81730588277181
9,2,9,0.8420203675826391,0.04845651234226388,0.801883265376091,0.8958497444788615,0.7928147166967392,850.0,1000.0,0.25752467456365574,3.1662650903066
9,2,10,0.9929363975922266,0.09211098067374375,0.8980427185694376,1.0819864223400752,1.1023221015930176,858.3333333333334,975.0,0.3298463814982862,4.742684602737427
9,2,12,0.9219742880927191,0.07117792927651262,0.8756252527236938,1.0039290984471638,0.8371753543615341,841.6666666666666,983.3333333333334,0.19905849107232476,4.64019497235616
9,3,7,0.6552356291148397,0.06254119227761826,0.5830499629179636,0.6931513523062071,0.8049627418319384,891.6666666666666,1000.0,0.4537881823600661,3.4776718616485596
9,3,11,0.5564827902449502,0.08086868603783494,0.4847569813330968,0.6441269715627035,0.8590255603194237,975.0,1000.0,0.6211855614704133,3.8878302574157715
9,3,13,0.7107265889644623,0.1102380763414822,0.5846857378880183,0.7891649057467779,0.7429699897766113,808.3333333333334,975.0,0.2819874190365846,2.5007127126057944
9,3,14,0.9627073688639536,0.024602786437926436,0.9391200741132101,0.988213300704956,0.991492748260498,966.6666666666666,1000.0,0.35825346510268113,5.513615767161052
9,4,15,0.6639883696205086,0.03646422382286492,0.639787087837855,0.7059279630581538,0.7746625145276388,958.3333333333334,1000.0,0.37611329891992135,4.329147974650065
10,1,1,0.8341570562786527,0.018705004151850408,0.8165280818939209,0.8537785609563192,0.7958460003137589,958.3333333333334,1000.0,0.39104367589073935,2.787447690963745
10,1,2,1.1171060303846996,0.08244085524684386,1.0521297454833984,1.2098441223303478,1.277401293317477,950.0,1000.0,0.3989219955826245,5.937766710917155
10,1,4,1.0549871491061316,0.08097229526840663,0.9884143869082133,1.1451291640599568,1.0846496274073918,941.6666666666666,1000.0,0.21021178439721996,4.514443238576253
10,1,8,1.0708201262685988,0.08542166576569674,0.9726330836613973,1.1280585527420044,1.0699787239233653,891.6666666666666,1000.0,0.22280249961273857,4.566572984059651
10,2,3,0.8150951729880439,0.14524522038220827,0.6539978484312693,0.9360407789548238,0.8833386103312174,925.0,1000.0,0.4575038888828904,3.9560912450154624
10,2,5,0.6767352985011206,0.07168754083673243,0.5955354372660319,0.7312650680541992,0.6904969811439514,808.3333333333334,941.6666666666666,0.346483548784805,2.429908871650696
10,2,6,0.83199609319369,0.1362561503216239,0.6854922771453857,0.9549291084210078,0.9970680375893911,816.6666666666666,941.6666666666666,0.3728574399414348,4.622577269872029
10,2,9,0.7432918118105993,0.03910061955247586,0.709791973233223,0.7862558315197626,0.811997522910436,833.3333333333334,1000.0,0.23643975974726258,3.043759902318319
10,2,10,0.9745723770724403,0.11822568721414402,0.8614768932263056,1.0973347077767055,1.0857082704703014,916.6666666666666,1000.0,0.34043055899290486,4.863963921864827
10,2,12,1.0234661135408614,0.03197609025716173,0.9940658708413442,1.057510217030843,0.9457161078850428,966.6666666666666,1000.0,0.2138002210527357,4.948738098144531
10,3,7,0.6655162225166956,0.046945153614371786,0.6128944158554077,0.7030990620454153,0.7757075081268946,900.0,1000.0,0.3698201807378693,3.6193989912668862
10,3,11,0.6013870098524624,0.05657008387013398,0.5471624135971069,0.6600420450170835,0.8022325709462166,908.3333333333334,1000.0,0.4554614752473472,3.542428493499756
10,3,13,0.7414121031761169,0.04684736513537986,0.7123350302378336,0.7954546709855398,0.7733668188254038,841.6666666666666,991.6666666666666,0.27659476673346056,2.655413866043091
10,3,14,0.9907571342256333,0.059160860722006665,0.9228700002034506,1.031296928723653,0.993648129204909,991.6666666666666,1000.0,0.36029438754032433,5.671404679616292
10,4,15,0.6578490138053894,0.08626302137321672,0.5637762049833933,0.7332409967978796,0.8013049960136414,825.0,941.6666666666666,0.3035849274334907,3.6660308837890625
11,1,1,0.8005490567949084,0.09862614873839673,0.7167618672053019,0.9092400868733724,0.7837783495585123,875.0,975.0,0.3764634082567399,2.7308562596639
11,1,2,0.9831176764435239,0.06660737043227213,0.9425124029318491,1.0599884192148845,1.1769236673911412,950.0,1000.0,0.4066145462852107,5.832057158152263
11,1,4,1.0006414983007643,0.09078344316245635,0.8977423111597697,1.0694246292114258,1.095580021540324,933.3333333333334,1000.0,0.2109619656750129,4.576811154683431
11,1,8,1.0379757086435955,0.04286084034117483,0.9888761440912882,1.0679084459940593,1.0549141963322957,900.0,1000.0,0.19251028166733217,4.601540883382161
11,2,3,0.6628722846508026,0.15677067387825458,0.48404791951179504,0.7766448656717936,0.8537642806768417,950.0,1000.0,0.5587638356706618,3.617295980453491
11,2,5,0.7341786755455866,0.05027709842487917,0.6846782316764196,0.7851980080207189,0.7416679859161377,916.6666666666666,1000.0,0.3104743000311729,2.7842414379119873
11,2,6,0.8645935265554322,0.05834911151866249,0.8035215263565382,0.9197725156943003,1.0725334882736206,866.6666666666666,966.6666666666666,0.37485467115916865,4.7660768032073975
11,2,9,0.8214335176679824,0.037316719708845925,0.784786139925321,0.8593853712081909,0.818801519771417,983.3333333333334,1000.0,0.28815551566718417,3.528064489364624
11,2,10,0.9373547931512197,0.08975719363698156,0.884623130162557,1.040992110967636,1.072771077354749,775.0,941.6666666666666,0.30844708567182283,4.4870132605234785
11,2,12,1.0111492276191711,0.039934602687349094,0.9693938593069712,1.048972100019455,0.8740921666224798,808.3333333333334,966.6666666666666,0.16377451093247003,4.2649392286936445
11,3,7,0.6747069044245614,0.05072834455084235,0.616176093618075,0.7059655686219534,0.7627497663100561,933.3333333333334,1000.0,0.4274282287613996,3.553978443145752
11,3,11,0.6769179196821319,0.04430385295184636,0.6274547278881073,0.7129577373464903,0.7938097367684046,891.6666666666666,1000.0,0.3975089293339084,3.462968111038208
11,3,13,0.7731034325228797,0.05663025125263539,0.7310608526070913,0.8374986946582794,0.8646881307164828,958.3333333333334,1000.0,0.3051277457736175,3.0301613012949624
11,3,14,0.9666397389438418,0.012309478901706207,0.9594742010037104,0.9808533390363058,1.0160463601350784,941.6666666666666,1000.0,0.37153715333290777,5.13285764058431
11,4,15,0.7007977979050741,0.06863346230286518,0.6307828823725382,0.7679609060287476,0.8008984178304672,975.0,1000.0,0.3677964373985494,4.111801544825236
12,1,1,0.7611026101642185,0.03515228290531539,0.7208261092503866,0.7856038411458334,0.7277547270059586,950.0,1000.0,0.3509370939012387,2.8264843622843423
12,1,2,1.1423482563760545,0.10282546185650815,1.048878808816274,1.2524917523066204,1.3513164172569911,991.6666666666666,1000.0,0.41687700152303364,6.462447643280029
12,1,4,1.107948038313124,0.08393851351299489,1.0290538469950359,1.196154276529948,1.1716887553532918,941.6666666666666,1000.0,0.22544344467268917,4.646501700083415
12,1,8,0.9798780348565842,0.11081491546295506,0.858763853708903,1.076190710067749,0.9994624902804693,900.0,1000.0,0.19395767317001278,4.2623763879140215
12,2,3,0.8002391755580902,0.022087255260140534,0.7755352954069773,0.8180807034174601,0.9152886172135671,900.0,1000.0,0.405591237900561,3.7565077940622964
12,2,5,0.7421664678388171,0.025262240674681864,0.7130287090937296,0.7579286893208822,0.7802875464161237,925.0,1000.0,0.34258961381227776,2.905988931655884
12,2,6,0.9495008331206111,0.04289968357076411,0.9111538430054983,0.9958315392335256,1.1367888872822125,925.0,1000.0,0.39032910175396435,5.118650595347087
12,2,9,0.7785250594218572,0.041662632851593134,0.7534365256627401,0.8266178717215856,0.8030032763878504,883.3333333333334,1000.0,0.26477451110161165,3.2672295570373535
12,2,10,1.0490059190326266,0.07187504850043001,0.9678482611974081,1.1046213209629059,1.1258738487958908,933.3333333333334,1000.0,0.3265545591080636,5.087949434916179
12,2,12,0.9710534777906207,0.07054249414162746,0.8965243895848592,1.0367838740348816,0.8769481281439463,950.0,1000.0,0.22446968285883404,4.929177602132161
12,3,7,0.7208298328850006,0.0446632715065092,0.6928372358282407,0.7723377123475075,0.8008302922050158,866.6666666666666,1000.0,0.3519434235323815,3.3425947030385337
12,3,11,0.4207780924108293,0.2208076001102214,0.2285705010096232,0.6619617889324824,0.8476988847057024,983.3333333333334,1000.0,0.7182978111778135,3.7427313327789307
12,3,13,0.7700360914071401,0.053921469365627216,0.7103803555170695,0.8153048058350881,0.8185383925835291,900.0,1000.0,0.26137574592811896,2.853170951207479
12,3,14,0.9849513719479243,0.07214651299136178,0.9111302743355433,1.0552977323532104,0.9678186575571696,991.6666666666666,1000.0,0.3835063269849635,5.297327518463135
12,4,15,0.28860277237577575,0.6556075095246826,-0.4624570608139038,0.7463096429904302,0.8104921579360962,866.6666666666666,975.0,0.5693729884484865,3.912006139755249
13,1,1,0.7604829834567175,0.10625008402143594,0.6557610332965851,0.8681979576746622,0.7324569076299667,825.0,966.6666666666666,0.37054889087309095,2.5247021516164145
13,1,2,1.097190111875534,0.08601713051753257,1.0057745277881622,1.176533301671346,1.2980767091115315,925.0,1000.0,0.4051764112971569,6.340895175933838
13,1,4,1.0165047645568848,0.14966746649664892,0.8493048747380575,1.137966275215149,1.0351335058609645,866.6666666666666,966.6666666666666,0.21537311171258552,4.202590147654216
13,1,8,0.9912884434064231,0.1213292350720925,0.9154156446456909,1.1312212745348613,1.0440405160188675,966.6666666666666,1000.0,0.23776411195110603,4.522271792093913
13,2,3,0.7365714195701812,0.0982012750161066,0.6319438268740972,0.8267440398534139,0.8716553896665573,875.0,991.6666666666666,0.46758882468410556,3.6658498446146646
13,2,5,0.7347766293419733,0.04453553822815178,0.6879546344280243,0.7766047318776449,0.7458962214489778,966.6666666666666,1000.0,0.346276323041292,2.886176824569702
13,2,6,0.9630862722794215,0.069577266877423,0.9040625542402267,1.0398013790448506,1.1914002945025761,983.3333333333334,1000.0,0.4127146378542785,5.554037729899089
13,2,9,0.7300880087746514,0.06142370999026961,0.6744478146235148,0.796000083287557,0.7407535687088966,841.6666666666666,991.6666666666666,0.25283662694646675,3.061683098475138
13,2,10,0.9521133833461337,0.028428061254064788,0.919870063662529,0.9735671083132426,1.1150551214814186,891.6666666666666,1000.0,0.3378420621973898,4.879648208618164
13,2,12,0.9485569927427505,0.04653174018320714,0.8957028388977051,0.9833525617917379,0.8589644829432169,900.0,1000.0,0.2148836447343121,4.586640357971191
13,3,7,0.5524488521946801,0.15673248103003398,0.3803299864133199,0.6869478623072306,0.7511029988527298,708.3333333333334,883.3333333333334,0.5227213859328228,3.1144915421803794
13,3,11,0.6329270468817817,0.11823885757634923,0.5316292742888132,0.7628507614135742,0.835629541426897,908.3333333333334,1000.0,0.48085168427069663,3.502096255620321
13,3,13,0.8125906801886029,0.032109392101576054,0.7902756532033285,0.8493907898664474,0.8119167213638624,916.6666666666666,1000.0,0.28429274929209897,2.975844224294027
13,3,14,0.9284648497899374,0.014259070032033725,0.9178155263264974,0.9446644832690557,0.9585966045657793,941.6666666666666,1000.0,0.3272455152092479,4.867528756459554
13,4,15,0.6475875750184059,0.10168630901144582,0.5817785660425822,0.7647060106197993,0.7876221314072609,825.0,950.0,0.39257790553473787,3.788014570871989
14,1,1,0.7434751855002509,0.13269404570861565,0.5912863810857137,0.8349525531133016,0.7023065636555353,816.6666666666666,941.6666666666666,0.3636983059450128,2.5261789560317993
14,1,2,1.0761166016260784,0.02191691245455467,1.0573160250981648,1.1001884539922078,1.289555549621582,941.6666666666666,1000.0,0.3906008744415508,5.958286762237549
14,1,4,1.058940013249715,0.061636408336297646,0.9917508761088053,1.1128634214401245,1.088520497083664,883.3333333333334,1000.0,0.20455489604306898,4.366010665893555
14,1,8,1.0420862403180864,0.037707539542263864,1.0148965120315552,1.0851327180862427,1.0514035671949387,941.6666666666666,1000.0,0.21722436083475113,4.681709448496501
14,2,3,0.7607307136058807,0.08515344208144437,0.6706535766522089,0.839911495645841,0.8561163693666458,858.3333333333334,991.6666666666666,0.3866372663754942,3.6819369792938232
14,2,5,0.657104719016287,0.11990111253075593,0.5225941489140192,0.7527581850687662,0.6705297927061716,791.6666666666666,941.6666666666666,0.3268684900045333,2.5163941780726113
14,2,6,0.8766427553362317,0.07451195468529559,0.8110542297363281,0.9576619118452072,1.1440173362692196,933.3333333333334,1000.0,0.3875083508407237,5.317257563273112
14,2,9,0.7754965788788266,0.024461097195720264,0.7541625996430715,0.8021945158640543,0.7938929001490275,816.6666666666666,1000.0,0.26213363599706646,3.0425939559936523
14,2,10,0.9119936443037456,0.19458726031342377,0.72215003768603,1.1110007762908936,1.0967881654699643,866.6666666666666,1000.0,0.39872751728846256,4.849344889322917
14,2,12,1.0528963373767006,0.046018392724060934,1.0209429860115051,1.1056416134039562,0.8961820974946022,891.6666666666666,1000.0,0.20596140661618015,4.547229448954265
14,3,7,0.5982397364245521,0.07988311579468853,0.5342202484607697,0.6877598365147909,0.7663805211583773,833.3333333333334,933.3333333333334,0.5577304764615171,3.405550161997477
14,3,11,0.5913494966096349,0.15704442961166237,0.41014210134744644,0.6879417498906454,0.7970781723658243,883.3333333333334,1000.0,0.5307746443910032,3.5695670445760093
14,3,13,0.7245444224940405,0.005535226537743989,0.7189822196960449,0.7300522724787394,0.8208580935994784,833.3333333333334,1000.0,0.2652293907506618,2.556800127029419
14,3,14,0.982807899514834,0.040513328651970444,0.9420577983061472,1.0230802297592163,1.0198708499471347,991.6666666666666,1000.0,0.3614956156183599,5.304056008656819
14,4,15,0.7486940763062901,0.03748436931726036,0.7210371866822243,0.7913565337657928,0.8513486236333847,916.6666666666666,1000.0,0.3446786492675602,4.173595587412517
15,1,1,0.649023155371348,0.12562523284871052,0.550744871298472,0.7905621528625488,0.619442860285441,666.6666666666666,858.3333333333334,0.3819276617005328,2.0692368348439536
15,1,2,1.0310529073079426,0.05432796913993095,0.9771537979443868,1.0857998132705688,1.1971859534581502,941.6666666666666,1000.0,0.38521324130345996,6.2592776616414385
15,1,4,1.0560058852036793,0.10965413248659707,0.9306188722451528,1.133950670560201,1.1039888163407643,966.6666666666666,1000.0,0.19440672706757509,4.578460216522217
15,1,8,0.989309483104282,0.051323794777152015,0.9305720726648966,1.025502363840739,1.012345348795255,866.6666666666666,958.3333333333334,0.21139175031221322,4.127322514851888
15,2,3,0.736860473950704,0.12068481188144627,0.6161128679911295,0.857482393582662,0.8352244993050894,916.6666666666666,1000.0,0.45809308663661397,3.7759987513224282
15,2,5,0.7197075701422162,0.045736101969957005,0.6705015202363332,0.7609197646379471,0.759127601981163,891.6666666666666,1000.0,0.3326131488630876,2.6191347440083823
15,2,6,0.9327752855088974,0.019877889124259435,0.9103418240944544,0.9481974095106125,1.122777670621872,975.0,1000.0,0.4093467180279809,5.421846071879069
15,2,9,0.8028724855846829,0.017574101604723943,0.7854949285586675,0.8206367492675781,0.7676278303066889,950.0,1000.0,0.2659486981896093,3.3582385381062827
15,2,10,0.9929945568243661,0.1284640771936213,0.8654721180597941,1.1223800083001454,1.1220386922359467,891.6666666666666,1000.0,0.3026721940799494,5.004446029663086
15,2,12,0.9950128164556292,0.00707325213851506,0.9877574145793915,1.001888632774353,0.856264146665732,900.0,1000.0,0.19958802891262306,4.534660975138347
15,3,7,0.7307651730047332,0.005723167387773896,0.727081261575222,0.7373585750659307,0.7928955554962158,866.6666666666666,1000.0,0.38965253263998695,3.539062976837158
15,3,11,0.6609427084525427,0.03638607436266854,0.6287819196780523,0.7004369695981344,0.7998813465237617,858.3333333333334,1000.0,0.3952633830789856,3.490039825439453
15,3,13,0.693720918562677,0.11930446511043238,0.5586241732041041,0.7846189687649409,0.7320543055733045,733.3333333333334,941.6666666666666,0.25911690114487457,2.3626800378163657
15,3,14,0.9487058735556072,0.03561908831476482,0.9078898827234904,0.9735025614500046,0.976674996316433,950.0,1000.0,0.3340895437965175,5.093873659769694
15,4,15,0.5503499706586202,0.3214295582249612,0.1792009969552358,0.7377384006977081,0.819425697127978,991.6666666666666,1000.0,0.553239209595897,4.306302070617676
16,1,1,0.776857919163174,0.10493167895347744,0.6604090134302775,0.8640719652175903,0.7298527931173643,866.6666666666666,966.6666666666666,0.3717082099917606,2.4351856311162314
16,1,2,1.0695332421196833,0.11228876804152142,0.982297937075297,1.1962247689565022,1.2194053332010906,908.3333333333334,1000.0,0.3863494331927126,5.757781346638997
16,1,4,1.1333687172995675,0.06681322368795872,1.060616175333659,1.1919780174891155,1.1588657697041829,925.0,1000.0,0.23364215907749597,4.582655270894368
16,1,8,1.076397048102485,0.07662642204141153,1.029136300086975,1.1648072401682537,1.1281185547510784,933.3333333333334,1000.0,0.25271876891106554,4.693089485168457
16,2,3,0.7449035793542862,0.11954963550552608,0.608647033572197,0.8322081565856934,0.8711962079008421,866.6666666666666,991.6666666666666,0.4799082057388255,3.784198443094889
16,2,5,0.7245422667927212,0.030916725343463913,0.6975571314493815,0.7582757771015167,0.7246829022963842,941.6666666666666,1000.0,0.32927906292827447,2.6283297538757324
16,2,6,0.9203547802236346,0.06183076608496161,0.8621698518594106,0.9852792024612427,1.0773659497499466,891.6666666666666,1000.0,0.38869852786730014,4.9833024342854815
16,2,9,0.8233050256967545,0.027542649915045167,0.8041850328445435,0.8548744966586431,0.7588918060064316,925.0,1000.0,0.25338530526859787,3.2885309855143228
16,2,10,0.836362115210957,0.20692714647877672,0.6194464415311813,1.0315928558508556,1.0747389793395996,866.6666666666666,1000.0,0.49003755424820644,4.652860641479492
16,2,12,0.9526455667283799,0.09684399827081891,0.886485775311788,1.0638018449147542,0.8710663715998331,858.3333333333334,1000.0,0.1657637125766002,4.481041272481282
16,3,7,0.6745791915390228,0.05080421780278442,0.6400919308265051,0.7329207559426626,0.7806913281480471,908.3333333333334,1000.0,0.434841241022208,3.5437018076578775
16,3,11,0.5975650383366479,0.11241333290024723,0.4678955127795537,0.6675103803475698,0.8034326483805975,966.6666666666666,1000.0,0.4606079431623134,3.668640375137329
16,3,13,0.7411302046643363,0.023614194153612458,0.7270798683166504,0.7683932383855184,0.8320115556319555,900.0,1000.0,0.2696910682426422,2.8424506982167563
16,3,14,0.9229561189810435,0.019024750230955463,0.9012567649284998,0.9367713729540507,0.9533504744370779,983.3333333333334,1000.0,0.36537687329040364,5.099905172983806
16,4,15,0.5372547888093524,0.28174516843394676,0.22799368699391684,0.7793411463499069,0.7685893227656683,983.3333333333334,1000.0,0.5906388590672041,4.289346853892009
17,1,1,0.7608386708630456,0.0989493529606942,0.6579048732916514,0.8552526235580444,0.7357115174333254,883.3333333333334,966.6666666666666,0.40197485371564673,2.504687190055847
17,1,2,1.0345665481355455,0.08310983237507365,0.939155101776123,1.0912017822265625,1.1660821785529454,950.0,1000.0,0.4051761095137536,5.744153022766113
17,1,4,1.1052938997745514,0.10750433898159087,0.982174019018809,1.1805762350559235,1.125209778547287,908.3333333333334,1000.0,0.22235728950801534,4.278527657190959
17,1,8,0.9956521987915039,0.054036018584193365,0.9629232088724772,1.058022141456604,1.029151479403178,816.6666666666666,991.6666666666666,0.25085252050483986,4.015385627746582
17,2,3,0.7464788887235853,0.04428716823888901,0.6956410805384318,0.7766927083333334,0.8160597855846087,941.6666666666666,1000.0,0.3360443668957467,3.46656600634257
17,2,5,0.6866908644636472,0.11283338580199635,0.5649008924762408,0.787670448422432,0.7201007852951685,916.6666666666666,1000.0,0.26511194975102875,2.54508638381958
17,2,6,0.8481538258492947,0.08439221032501193,0.7938241461912791,0.9453776379426321,1.0754618346691132,875.0,983.3333333333334,0.405912334407841,4.765615781148274
17,2,9,0.834433944688903,0.07037885554322093,0.7531678378582001,0.8752865840991338,0.7848619321982065,958.3333333333334,1000.0,0.2625902717328338,3.389843463897705
17,2,10,0.8797780176003774,0.1523165850869237,0.7313524583975474,1.0357081890106201,1.0114950786034267,716.6666666666666,900.0,0.2887179613869612,3.908719301223755
17,2,12,0.993409150176578,0.06122519077540323,0.9232405424118042,1.0359633167584736,0.8897829527656237,883.3333333333334,1000.0,0.21110161367526872,4.547296206156413
17,3,7,0.6210381620460086,0.08277314957122703,0.5312331269184748,0.6942723939816157,0.7482592289646467,900.0,1000.0,0.39813611030656393,3.3407978216807046
17,3,11,0.4816340572304196,0.12422201819641635,0.34442516167958576,0.5864517490069071,0.8321304445465406,933.3333333333334,1000.0,0.6870132414974944,3.617478847503662
17,3,13,0.7162774387333127,0.06478811763719267,0.6444037755330404,0.770190159479777,0.8136592706044515,950.0,1000.0,0.26865891392492763,2.850569407145182
17,3,14,0.8817384342352549,0.08784914670252436,0.8175036509831747,0.98184767862161,0.9121322184801102,983.3333333333334,1000.0,0.3519297608794297,5.168078899383545
17,4,15,0.698205441236496,0.019089404313662472,0.6776308963696162,0.7153426359097163,0.8100569024682045,941.6666666666666,1000.0,0.34785688252726715,3.9734028975168862
18,1,1,0.7070958150757684,0.03785447707720231,0.6636465887228647,0.7329538265864054,0.68388103445371,875.0,1000.0,0.38185757991731556,2.2771010398864746
18,1,2,1.0002736581696405,0.04748537672523756,0.9710721572240194,1.055065393447876,1.1916651278734207,933.3333333333334,1000.0,0.39064761021094435,5.592875321706136
18,1,4,1.032350414329105,0.07931463508802343,0.9407932360967001,1.080071598291397,1.1419744888941448,933.3333333333334,1000.0,0.2295196301406669,4.504531383514404
18,1,8,0.9866477251052856,0.1392835155115874,0.8258285125096639,1.0687256654103596,0.962002674738566,825.0,941.6666666666666,0.1965490477434585,3.8047059377034507
18,2,3,0.6947221623526678,0.11088468593384387,0.5670959949493408,0.7674281994501749,0.8173923442761103,875.0,991.6666666666666,0.4833613279275466,3.509349822998047
18,2,5,0.6137976596752802,0.06976189485116314,0.5364969571431478,0.6720738361279169,0.6413826048374176,766.6666666666666,958.3333333333334,0.3090173122641929,2.110843817392985
18,2,6,0.8342162660426563,0.11828087769536737,0.701737845937411,0.9292212054133415,1.0774932305018108,925.0,1000.0,0.3888206236898428,5.084949811299642
18,2,9,0.7891829841666752,0.04336297853271009,0.7395398616790771,0.8196630080540975,0.7687831223011017,875.0,991.6666666666666,0.27457505536584964,3.012618064880371
18,2,10,0.9629133641719818,0.04433462086264773,0.9118872781594595,0.9920058647791544,1.1001365905006726,875.0,1000.0,0.32013495521823065,4.560120105743408
18,2,12,0.9125349223613739,0.11183464200950663,0.7950704395771027,1.0177274545033772,0.820737769206365,908.3333333333334,1000.0,0.18244187015660704,4.341333548227946
18,3,7,0.6583050870233113,0.055847296567252014,0.6084163983662924,0.718636711438497,0.762062964340051,900.0,1000.0,0.37272780806051037,3.29256542523702
18,3,11,0.6386094449294938,0.07763511110929444,0.5881742611527443,0.728009819984436,0.8489154800772667,908.3333333333334,1000.0,0.34488529320122113,3.544065554936727
18,3,13,0.6379490064250097,0.06924446363124086,0.559307465950648,0.6897768477598826,0.6953062042593956,800.0,941.6666666666666,0.2744805722836962,2.446767965952555
18,3,14,0.92470683157444,0.04261852422446327,0.8755349765221278,0.9510059754053751,0.9099057565132777,950.0,1000.0,0.3431310301030303,4.808110396067302
18,4,15,0.6214305096202427,0.07300452943790407,0.5379853149255117,0.6735134124755859,0.8406830107172331,925.0,1000.0,0.37118840588997104,3.8414305051167807
19,1,1,0.7166468600432078,0.12427887540828872,0.5876039365927378,0.8355391025543213,0.6757991909980774,816.6666666666666,941.6666666666666,0.34978570113969515,2.1695586840311685
19,1,2,0.9557049009535049,0.10587404258252622,0.8373235464096069,1.0413285891215007,1.1254460016886394,766.6666666666666,933.3333333333334,0.36914747727938996,4.881535530090332
19,1,4,0.9888896677229141,0.012676408681674262,0.9806375503540039,1.0034856001536052,1.104437917470932,925.0,1000.0,0.21790475889881433,4.159951686859131
19,1,8,1.062435186571545,0.05826011062335932,1.0024561285972595,1.1188088953495026,1.0675291667381923,916.6666666666666,1000.0,0.2238179585858484,4.2086591720581055
19,2,3,0.6377812772989272,0.1327240006098664,0.48482127984364826,0.7225129256645838,0.8046315982937813,850.0,983.3333333333334,0.5273583729296396,3.2965314388275146
19,2,5,0.6403320129546854,0.07716683793928182,0.5539713290830454,0.7025148570537567,0.6968720232446989,891.6666666666666,1000.0,0.32435644907702477,2.409552017847697
19,2,6,0.8218129277229309,0.05569172495478402,0.7578541884819666,0.8595826327800751,1.0874507476886113,975.0,1000.0,0.3965683608486241,5.085521697998047
19,2,9,0.7763656824827194,0.048887977705737634,0.7369331220785776,0.8310653765996298,0.7524403457840284,916.6666666666666,1000.0,0.2829934799775013,3.2970316410064697
19,2,10,0.998866049779786,0.013206788210971536,0.9846752484639486,1.0107972671588261,1.0902550170818965,975.0,1000.0,0.3196376364003694,5.223990599314372
19,2,12,0.957325084341897,0.15215775542185003,0.8340293069680532,1.1273731390635173,0.8090415050586065,766.6666666666666,958.3333333333334,0.18145090146808895,4.013761917750041
19,3,7,0.46144572314288884,0.2008325976701938,0.3244904379049937,0.691991776227951,0.7442472378412882,925.0,1000.0,0.6022913735619758,3.3487278620402017
19,3,11,0.6235043423043357,0.07133732587470785,0.5675932765007019,0.7038476467132568,0.837147518992424,858.3333333333334,1000.0,0.3993156813144741,3.429861227671305
19,3,13,0.6820766561561161,0.1303660339615979,0.6010368367036184,0.8324588139851888,0.6701826080679893,783.3333333333334,958.3333333333334,0.2650388162977479,2.385001023610433
19,3,14,0.9069138997130923,0.08788996455754351,0.8055913001298904,0.9625695943832397,0.9238277648886045,833.3333333333334,966.6666666666666,0.3408970131475273,4.788710912068685
19,4,15,0.665301455391778,0.01462777209148457,0.6555216809113821,0.6821177303791046,0.8284783437848091,975.0,1000.0,0.37978020360206416,3.814246575037638
20,1,1,0.7329812977049085,0.1259129017109342,0.5875916878382365,0.8063505093256632,0.6571185439825058,800.0,925.0,0.3543447067062977,2.2552591959635415
20,1,2,0.9886916213565403,0.144924359592547,0.8216470082600912,1.0808824300765991,1.1623201817274094,900.0,1000.0,0.4029432034538523,5.682178020477295
20,1,4,1.0670325954755147,0.03326027564379809,1.0327625473340352,1.0991815725962322,1.0922820940613747,975.0,1000.0,0.2302991189864274,4.470808823903401
20,1,8,1.0197446478737726,0.05553862954914022,0.9636203050613403,1.0746784210205078,1.0499748835961025,941.6666666666666,1000.0,0.23706435591713185,4.228317896525065
20,2,3,0.6912217140197754,0.07730376316030158,0.6055581967035929,0.755783478418986,0.7857185279329618,783.3333333333334,975.0,0.4112348218294863,3.239725430806478
20,2,5,0.6238537132740021,0.03662787995861053,0.5969755252202352,0.6655730803807577,0.6445676013827324,875.0,1000.0,0.31689206522633284,2.3252371152242026
20,2,6,0.8595562908384536,0.030819256622448707,0.8284907837708791,0.8901232481002808,1.0887705907225609,983.3333333333334,1000.0,0.41333598173605113,5.131184895833333
20,2,9,0.8082402149836222,0.09084683023900923,0.7038203080495199,0.8691397507985433,0.7534091745813688,875.0,1000.0,0.2418545608459902,3.014467636744181
20,2,10,0.727343600657251,0.25719829354140883,0.43124747773011524,0.8952983617782593,1.068720817565918,808.3333333333334,1000.0,0.4351307621235359,4.2421339352925616
20,2,12,1.0225793222586315,0.011649414459583018,1.0141332944234211,1.0358691612879436,0.809558334449927,916.6666666666666,1000.0,0.2109029209253659,4.579670588175456
20,3,7,0.6354973365863165,0.007912943266754785,0.6266595472892126,0.6419249077637991,0.7090413272380829,966.6666666666666,1000.0,0.3449988355758388,3.2824315230051675
20,3,11,0.5482761338353157,0.14211243070273702,0.3852536976337433,0.646026407678922,0.7729358424743017,925.0,1000.0,0.5677035215652957,3.4469985167185464
20,3,13,0.7066083583566879,0.06860443366957995,0.6490888893604279,0.7825401326020559,0.6949448138475418,875.0,991.6666666666666,0.28194592482686237,2.6964394251505532
20,3,14,0.9262821127971014,0.032031036984706454,0.8963449001312256,0.9600605517625809,0.938659188648065,900.0,1000.0,0.3395229121650137,4.932257970174153
20,4,15,0.6516363629036479,0.06730369294063872,0.5859105611840884,0.7204141120115916,0.8401864469051361,983.3333333333334,1000.0,0.36067072255473615,3.8621676762898765
21,1,1,0.7409787972768148,0.018792409375567417,0.7226073344548544,0.7601656119028727,0.7144961357116699,950.0,1000.0,0.3802675555159525,2.6162424087524414
21,1,2,1.087815754943424,0.016987380732071476,1.0735521117846172,1.1066087285677593,1.2168402622143428,900.0,1000.0,0.38818006784308284,5.58541202545166
21,1,4,1.0732865035533905,0.019968462514333443,1.0609678030014038,1.0963256259759266,1.1518012235562007,975.0,1000.0,0.22072773837235113,4.729613622029622
21,1,8,0.9629901051521301,0.05801939452595405,0.9144701162974039,1.0272577007611592,0.9828585386276245,850.0,975.0,0.24310668584008685,4.307175795237224
21,2,3,0.7338276753822962,0.03176847826645162,0.7083849608898163,0.7694343427817026,0.7978881398836771,958.3333333333334,1000.0,0.4013155669804049,3.7695385615030923
21,2,5,0.6518606477313572,0.02228117959895272,0.6275023221969604,0.6712130208810171,0.6641156760354837,941.6666666666666,1000.0,0.3104564666811378,2.348160664240519
21,2,6,0.8378585812946161,0.042283557945226244,0.8107211937506994,0.8865779638290405,1.1213060170412064,975.0,1000.0,0.4241742626985552,5.230018933614095
21,2,9,0.8015635940763687,0.07994420906083084,0.7260683377583822,0.8853158553441366,0.7670714383323988,900.0,1000.0,0.256740351077179,3.149447441101074
21,2,10,0.9334160875942971,0.07456894719995737,0.877305785814921,1.0180331816275914,1.078960694372654,941.6666666666666,1000.0,0.34683515106983487,4.672717412312825
21,2,12,1.00309752424558,0.04454967817372826,0.9733163217703501,1.054312825202942,0.8220144410928091,900.0,1000.0,0.2256568647954552,4.622872034708659
21,3,7,0.5123235682646433,0.161598232606888,0.3956032296021779,0.6967641115188599,0.7259212310115496,941.6666666666666,1000.0,0.48013908522194376,3.4706051349639893
21,3,11,0.6145517023073301,0.022070939294228716,0.5941752369205157,0.637996107339859,0.7712213384608427,900.0,1000.0,0.369668823255404,3.6413243611653647
21,3,13,0.6720768743091159,0.056885916677181576,0.637800375620524,0.7377419074376425,0.703304131825765,933.3333333333334,1000.0,0.28713685920840154,2.7208472887674966
21,3,14,0.9140819824404187,0.07228367564335672,0.8467912673950195,0.9904929747184118,0.9222442259391149,875.0,1000.0,0.33131034821635535,4.675241311391194
21,4,15,0.6005907720989652,0.061870307122765665,0.5517646471659342,0.6701695521672567,0.7773535052935282,883.3333333333334,1000.0,0.29545623283520617,3.435128847757975
22,1,1,0.796000106467141,0.029214982429122266,0.7625586489836375,0.816563606262207,0.7115275487303734,966.6666666666666,1000.0,0.40153721114337726,2.6221965154012046
22,1,2,0.9482828941610125,0.046839228563253114,0.8954213162263235,0.9846209287643433,1.1650127520163853,850.0,1000.0,0.37073084719972504,5.4195553461710615
22,1,4,1.0290910171137915,0.07961421445656391,0.937162051598231,1.0755267937978108,1.0564138640960057,916.6666666666666,1000.0,0.2128966411958553,4.004893223444621
22,1,8,1.00478243165546,0.02840924799034407,0.9793582161267599,1.0354470411936443,1.0092888126770656,850.0,1000.0,0.1739416124872641,3.94361146291097
22,2,3,0.65646250711547,0.019431841813112617,0.6351439903179804,0.6731828798850378,0.7775182475646337,725.0,933.3333333333334,0.46097782693585154,3.087061961491903
22,2,5,0.7167871296405792,0.0336189447466849,0.677967756986618,0.736357053120931,0.7031973203023275,975.0,1000.0,0.3331140311927333,2.5603113174438477
22,2,6,0.8734610262844297,0.06401718755837218,0.801984116435051,0.925523966550827,1.0811795468131702,875.0,1000.0,0.393948999207423,4.626651763916016
22,2,9,0.7657754454347822,0.06778232931925399,0.7134751876195272,0.8423533091942469,0.7435917009909948,900.0,1000.0,0.24294260555376979,2.9903745651245117
22,2,10,0.9345171418454913,0.034416109999679485,0.8948722233374914,0.9567226568857828,1.1064673239986103,941.6666666666666,1000.0,0.3017272973672038,4.835973262786865
22,2,12,0.9732578959729937,0.0571212838651074,0.9142051041126251,1.0282286802927654,0.8456339786450068,808.3333333333334,975.0,0.19316249720527312,4.003900369008382
22,3,7,0.5736619176136123,0.10668143607757793,0.45473097016414005,0.6609212954839071,0.725401870906353,908.3333333333334,1000.0,0.39818130224713916,3.435523827870687
22,3,11,0.5337970298197535,0.1794099299272833,0.32798095295826596,0.6571435083945593,0.7676689674456915,908.3333333333334,1000.0,0.4834038807200538,3.396665652592977
22,3,13,0.7020011047522227,0.018737943830810386,0.6815979878107706,0.7184392611185709,0.7040471037228903,916.6666666666666,1000.0,0.31838482667245255,2.831644614537557
22,3,14,0.8816688275999492,0.03979731206119846,0.8410375416278839,0.9205761353174845,0.8775584002335867,925.0,1000.0,0.35787939076256436,4.966389020284017
22,4,15,0.6508782671557533,0.04927442247671231,0.6121940265099207,0.7063536942005157,0.7650545438130697,833.3333333333334,991.6666666666666,0.2892310541833688,3.3242339293162027
23,1,1,0.7890841166178385,0.024987899780904585,0.7646792332331339,0.814616839090983,0.696216439207395,933.3333333333334,1000.0,0.44132794540344905,2.627339760462443
23,1,2,1.0540543430381353,0.09957417015057232,0.9478786488374075,1.145352880160014,1.2072829827666283,950.0,1000.0,0.4048529941405816,5.81450875600179
23,1,4,1.0833051800727844,0.02675979891801036,1.0618866483370464,1.1133023103078206,1.1200207074483235,983.3333333333334,1000.0,0.2283569888618965,4.635894775390625
23,1,8,1.0951040652063158,0.025862802850761323,1.069465418656667,1.121185342470805,1.039056067665418,900.0,1000.0,0.20388629661108726,4.1974991162618
23,2,3,0.6558578080601162,0.17957155830577892,0.45018118619918823,0.7814730803171793,0.8154215812683105,966.6666666666666,1000.0,0.5616192060374144,3.615203301111857
23,2,5,0.6449593645003106,0.031658016493565345,0.6257630089918772,0.681499237815539,0.6920554401973883,825.0,1000.0,0.26484550146065106,2.2136827309926352
23,2,6,0.8877784626351461,0.034928721289288124,0.8667083630959193,0.9280969599882761,1.0566036651531856,933.3333333333334,1000.0,0.3987694789354923,4.861601829528809
23,2,9,0.794966803656684,0.07446764203039555,0.7231819679339727,0.8718547423680624,0.7535748158891996,858.3333333333334,1000.0,0.2347024750650498,2.954465707143148
23,2,10,0.9679662403133181,0.027431765725022934,0.9399533669153849,0.9947774012883505,1.0548573806881905,908.3333333333334,1000.0,0.30950338317273113,4.583099365234375
23,2,12,0.9611471858289508,0.018412222351592032,0.9478602011998495,0.982164333264033,0.8484439154465994,858.3333333333334,1000.0,0.1967579996984099,4.245950380961101
23,3,7,0.4362819608714845,0.28011234530557116,0.1309495816628138,0.681371251742045,0.7002817392349243,950.0,1000.0,0.5305466525179255,3.40171225865682
23,3,11,0.6164389219548968,0.07024001714551945,0.5375774403413137,0.6722803314526876,0.7630250329772631,841.6666666666666,991.6666666666666,0.3701710766949586,3.325683832168579
23,3,13,0.6451475967963537,0.10794245147826041,0.5236882617076238,0.7301114400227865,0.6775599420070648,841.6666666666666,950.0,0.2832270608022924,2.641329367955526
23,3,14,0.9088310740060277,0.009539843479862647,0.9032081266244253,0.9198459287484487,0.914731984337171,950.0,1000.0,0.35698211662118995,4.955319404602051
23,4,15,0.6714360134469138,0.0375458117371774,0.6300599922736486,0.7033359209696451,0.745625282327334,950.0,1000.0,0.3184830070097733,3.6187144120534263
24,1,1,0.7583865986929998,0.11194076997039522,0.6592985391616821,0.8798118034998575,0.717641885081927,858.3333333333334,958.3333333333334,0.3994437373344805,2.2390310764312744
24,1,2,1.0574455128775702,0.05905642827704543,1.0035879214604695,1.1205983559290569,1.194706882039706,908.3333333333334,1000.0,0.43149068616717273,5.737380504608154
24,1,4,1.0425839788383906,0.053507834171116236,1.0098449389139812,1.1043319602807362,1.1629038602113724,983.3333333333334,1000.0,0.22480278272145424,4.649200598398845
24,1,8,0.9547590216000875,0.046940518659764965,0.9075313011805216,1.001406967639923,1.0322738935550053,891.6666666666666,1000.0,0.20957182441958475,4.267842213312785
24,2,3,0.5542082720332675,0.4118178267745447,0.0791352391242981,0.8097206751505533,0.800925500690937,991.6666666666666,1000.0,0.7483757175312379,3.6721816857655845
24,2,5,0.6041541066434649,0.12076603077246384,0.4658886790275574,0.688985158999761,0.6280361811319987,758.3333333333334,925.0,0.27945012165079164,2.062958002090454
24,2,6,0.8725082923968633,0.03485267709651454,0.8438655038674673,0.9113123764594396,1.0515822966893513,941.6666666666666,1000.0,0.4028927888826406,4.856366793314616
24,2,9,0.8093605438868204,0.05584545750186706,0.7695966909329096,0.8732065707445145,0.7161280065774918,900.0,1000.0,0.26434045980127024,3.202341318130493
24,2,10,0.9632517165607876,0.13472600591508907,0.8131186912457148,1.073619117339452,1.0979224865635235,1000.0,1000.0,0.3195900522149994,5.085119247436523
24,2,12,0.9406546685430738,0.02812163462943766,0.914275328318278,0.9702432453632355,0.8547004411617914,858.3333333333334,1000.0,0.17224401098877748,4.4814581871032715
24,3,7,0.6641313400533463,0.060314197907729794,0.6075867513815562,0.7276149193445841,0.7364130578935146,958.3333333333334,1000.0,0.3708236513337802,3.530865430831909
24,3,11,0.5231658269961675,0.15220710376883295,0.3477107286453247,0.6197609454393387,0.77284042040507,908.3333333333334,1000.0,0.4375325141607211,3.468402862548828
24,3,13,0.6658488644493952,0.10246919123022864,0.560654749472936,0.7653563022613525,0.6809772054354349,841.6666666666666,975.0,0.27064807648538586,2.52341636021932
24,3,14,0.8588804966873593,0.07652003494890569,0.7714739640553793,0.9137814988692602,0.8674315959215164,858.3333333333334,941.6666666666666,0.3530440652746976,4.577819108963013
24,4,15,0.6417963206768036,0.04988612648544178,0.5957078039646149,0.6947656869888306,0.8044840544462204,933.3333333333334,1000.0,0.34672561975433874,3.6036857763926187
25,1,1,0.7546917233202192,0.06324043884957316,0.6840180257956187,0.8059431711832682,0.696179543932279,866.6666666666666,958.3333333333334,0.35455767515865694,2.3470800717671714
25,1,2,1.0707370903756883,0.007020908988239473,1.06286617120107,1.076354702313741,1.1989606618881226,916.6666666666666,1000.0,0.41214798945211717,5.991313775380452
25,1,4,1.0481117599540284,0.025436745052075785,1.0297628045082092,1.0771486361821492,1.1091961363951366,941.6666666666666,1000.0,0.22370055518520085,4.317299842834473
25,1,8,1.09148684475157,0.06195123339050143,1.035349686940511,1.1579536000887554,1.058446243405342,908.3333333333334,1000.0,0.25237378972412067,4.686611493428548
25,2,3,0.7598396688699722,0.05262632910201773,0.6994187831878662,0.7956641962130865,0.8517293433348337,933.3333333333334,1000.0,0.46115253905295034,3.792129119237264
25,2,5,0.64767105711831,0.059635842769384946,0.5793410539627075,0.6892314453919729,0.6719583583374819,950.0,1000.0,0.37852106278128267,2.42715851465861
25,2,6,0.8333579070038266,0.06693454436815033,0.7600361158450445,0.8911888152360916,1.0554660931229591,941.6666666666666,1000.0,0.3990735625507167,5.099012692769368
25,2,9,0.8083487235837513,0.025889153759693844,0.7789459278186163,0.8277250528335571,0.7383907288312912,933.3333333333334,1000.0,0.25515779904242886,3.2392869790395102
25,2,10,0.9109757757849164,0.09210936151171757,0.8062707980473837,0.9795080423355103,1.062819038828214,875.0,1000.0,0.3019861301816778,4.567459265391032
25,2,12,0.9398294422361585,0.02590292873540065,0.9139209191004435,0.9657267729441324,0.7993081038196882,766.6666666666666,958.3333333333334,0.18933581619459175,4.073820273081462
25,3,7,0.5933892495102353,0.05135428589806835,0.5344422360261282,0.6284484416246414,0.7182587385177612,925.0,1000.0,0.4332819134269617,3.374728202819824
25,3,11,0.5940345724423727,0.16834542274818268,0.4018821765979131,0.715571994582812,0.8344562103350958,966.6666666666666,1000.0,0.4230007780791137,3.5940244992574057
25,3,13,0.6579211552937826,0.042976861900713904,0.6102749208609263,0.6937604248523712,0.6371891299883524,783.3333333333334,991.6666666666666,0.28261089375967674,2.512359619140625
25,3,14,0.8615943607356812,0.029428744520154464,0.8277758757273356,0.8813817203044891,0.8920207222302755,933.3333333333334,1000.0,0.35551030759786206,4.747344334920247
25,4,15,0.6588208675384521,0.03658909333175027,0.6341806203126907,0.7008631279071172,0.7932767694195112,983.3333333333334,1000.0,0.33109804703167206,3.7603465716044107
26,1,1,0.7962674796581268,0.03458876370711968,0.7602518796920776,0.829226533571879,0.7130274747808775,933.3333333333334,1000.0,0.3928018549813383,2.5435076554616294
26,1,2,1.0730740990903642,0.06917434315475951,1.0127552052338917,1.1485801339149475,1.2640122125546138,916.6666666666666,1000.0,0.4101387971727796,5.922890504201253
26,1,4,0.978796809911728,0.13820568675270525,0.8235868116219839,1.088545302549998,0.9993779907623926,833.3333333333334,950.0,0.21212382855468573,3.6651440461476645
26,1,8,1.015511367056105,0.0677397042115274,0.9414579073588053,1.0743493636449177,1.0316992104053497,875.0,1000.0,0.21131408787417258,4.378175099690755
26,2,3,0.7397409909301333,0.06435833139717666,0.679187168677648,0.8073263565699259,0.9011323799689611,908.3333333333334,991.6666666666666,0.5517535590146267,3.7352700233459473
26,2,5,0.6105969862805473,0.10312157875692535,0.5475312322378159,0.7296003897984823,0.6817868451277415,883.3333333333334,1000.0,0.269111707595243,2.4145979086558023
26,2,6,0.8675476362307867,0.014430239840680755,0.852111225326856,0.8806990484396616,1.029042127231757,933.3333333333334,1000.0,0.40668867597776454,4.97575839360555
26,2,9,0.8061474959055582,0.07086222264817756,0.7247391144434611,0.853990395863851,0.7400458281238874,883.3333333333334,1000.0,0.248512948159477,3.2340553601582847
26,2,10,0.8968057400650449,0.0766879094263759,0.826319416364034,0.9784686615069708,1.106343537569046,900.0,1000.0,0.29258124444405065,4.771496295928955
26,2,12,1.0003803008132512,0.024311422797386645,0.9742724597454071,1.0223690271377563,0.9195037732521693,950.0,1000.0,0.17665079420846364,4.694377104441325
26,3,7,0.6720699543754259,0.05879523877072716,0.6232551957170168,0.7373395363489786,0.7257529658575853,825.0,958.3333333333334,0.383976770282431,3.2632295290629068
26,3,11,0.5604977607727051,0.07190977375224451,0.5076367259025574,0.6423836549123129,0.8119004120429357,900.0,1000.0,0.4181385194590126,3.331115484237671
26,3,13,0.6877164973153008,0.0636631070014974,0.6168671945730845,0.7401197652022043,0.6734790628155073,758.3333333333334,933.3333333333334,0.2926215637900856,2.3973395029703775
26,3,14,0.86059456732538,0.06528835002694093,0.822418729464213,0.9359810004631678,0.9500082855423292,875.0,1000.0,0.3649491730054109,4.9342570304870605
26,4,15,0.6800472488005956,0.05741222753163207,0.6199586391448975,0.734344040354093,0.792827141781648,966.6666666666666,1000.0,0.35807626173289814,3.7365309397379556
27,1,1,0.8041612969504461,0.07614751998377305,0.7320127884546915,0.883760134379069,0.7459244082371393,908.3333333333334,1000.0,0.45359199559594615,2.5866149266560874
27,1,2,1.0575269444121256,0.07601614899848488,0.9738576710224152,1.1223407983779907,1.2340234567721684,975.0,1000.0,0.4443271285475348,6.369852224985759
27,1,4,1.1255232261286843,0.054690017824367505,1.0775602261225383,1.1850808560848236,1.1512104123830795,966.6666666666666,1000.0,0.23227841410453864,4.7940168380737305
27,1,8,1.0855423675643072,0.02103776426279394,1.0695906082789104,1.1093846758206685,1.0985469818115234,883.3333333333334,1000.0,0.19286813730294902,4.541042486826579
27,2,3,0.8347269280089272,0.056479218663470804,0.7923181504011154,0.8988384703795115,0.8559519747893015,941.6666666666666,1000.0,0.3911565190817301,3.910499016443888
27,2,5,0.6303948130872515,0.08084927846611527,0.5372052093346914,0.6818248132864634,0.6738314827283224,841.6666666666666,1000.0,0.2970522541681075,2.3932250340779624
27,2,6,0.8779026236799029,0.02485792405145156,0.8506317188342413,0.8992930551369985,1.067829005420208,916.6666666666666,1000.0,0.39267092690975264,5.048707485198975
27,2,9,0.8427183098263211,0.053147700719498175,0.7846269657214483,0.8889023860295614,0.8225200126568476,883.3333333333334,1000.0,0.24481523165332933,3.145067056020101
27,2,10,0.929677156938447,0.11036431563312345,0.8251994550228119,1.045110861460368,1.1013614734013875,941.6666666666666,1000.0,0.3278665332279332,4.728960355122884
27,2,12,0.9567680690023633,0.0873220841883765,0.8564213911692301,1.015488604704539,0.8134186317523321,808.3333333333334,958.3333333333334,0.1644037553146426,4.156501452128093
27,3,7,0.6407750447591146,0.03693847550985399,0.6065004269282023,0.6798984607060751,0.722167452176412,883.3333333333334,1000.0,0.47682572087850134,3.3077474435170493
27,3,11,0.6757070902321073,0.07066616265251835,0.598796675602595,0.7377694497505823,0.8097675517201424,958.3333333333334,1000.0,0.3921095966718359,3.39589262008667
27,3,13,0.7222123394409815,0.1254202117399885,0.6237144867579142,0.8634061366319656,0.6622373809417089,816.6666666666666,958.3333333333334,0.28227798642244023,2.6122052669525146
27,3,14,0.8632621483670341,0.09492894732945924,0.7833344439665476,0.9681888868411382,0.9042708054184914,875.0,1000.0,0.34914514630105464,4.5141598383585615
27,4,15,0.6718796739975611,0.03658515436654288,0.644290879368782,0.713379979133606,0.8013237565755844,983.3333333333334,1000.0,0.3428927245297608,3.603376309076945
28,1,1,0.8730853928460015,0.057695169511195375,0.8096282879511515,0.9223817984263102,0.8074016546209654,875.0,983.3333333333334,0.4189396669608008,2.6672810713450112
28,1,2,1.0194945004251268,0.07091878133486693,0.9388148188591003,1.0719819863637288,1.190091331799825,858.3333333333334,975.0,0.38944194865269105,5.914095560709636
28,1,4,1.0046064787440832,0.11955406964487922,0.8670310179392496,1.083289662996928,1.0752615878979366,783.3333333333334,933.3333333333334,0.20682032594900882,3.9982879956563315
28,1,8,1.111106577846739,0.07164391748532714,1.065000335375468,1.1936450898647308,1.0344869444767635,891.6666666666666,1000.0,0.17722229350830868,4.526854991912842
28,2,3,0.4376490546597375,0.35413277843102187,0.12768983840942383,0.8236134847005209,0.9282350515325865,891.6666666666666,1000.0,0.9981407389501418,3.7972551186879477
28,2,5,0.6268114977412753,0.05104021326989436,0.5897887349128723,0.6850354671478271,0.6919610500335693,900.0,1000.0,0.3027083660033509,2.508289019266764
28,2,6,0.8330807122919296,0.10758728111515428,0.7267673363288244,0.9418981820344925,1.0291047592957814,916.6666666666666,1000.0,0.3714027045325396,4.900217215220134
28,2,9,0.817917138338089,0.017623713433463247,0.8041393856207529,0.837776189049085,0.8002028713623682,858.3333333333334,991.6666666666666,0.26208306254335206,3.160959084828695
28,2,10,0.9512016698718071,0.031038442380403753,0.9308252111077309,0.986923893292745,1.111213597158591,958.3333333333334,1000.0,0.3504489543862746,5.031029065450032
28,2,12,1.0141911605993907,0.034759745811420904,0.9821063180764517,1.0511180758476257,0.8886081278324127,983.3333333333334,1000.0,0.2020515738281989,4.891925652821858
28,3,7,0.5126340902513928,0.3674093051683747,0.09259951114654541,0.7743022441864014,0.7381991917888323,950.0,1000.0,0.5376419135983216,3.6797699133555093
28,3,11,0.5969865719477335,0.13735973128825105,0.4438060124715169,0.7092066556215286,0.8331267312169075,933.3333333333334,1000.0,0.45456452930452795,3.5253140926361084
28,3,13,0.7315334512127771,0.06756482439962522,0.6604628264904022,0.7949386437733968,0.6800589735309283,858.3333333333334,975.0,0.2816277429622381,2.632113218307495
28,3,14,0.8544491032759348,0.051274723544657674,0.8019509017467499,0.9044058273235956,0.9192994510134062,950.0,1000.0,0.3764590308029847,5.113484223683675
28,4,15,0.6561861630115243,0.027799795222625885,0.6247138219575087,0.6773947576681772,0.7556785345077515,858.3333333333334,975.0,0.35905725891866136,3.3664217789967856
29,1,1,0.8599094682269626,0.0265257764136911,0.8352607091267904,0.8879801432291666,0.7575132697820663,983.3333333333334,1000.0,0.4198865272579399,2.9394003550211587
29,1,2,1.0602099763022528,0.08316843918111627,0.9658838510513306,1.1229911645253499,1.2575147897005081,908.3333333333334,1000.0,0.38682039783726063,5.926877498626709
29,1,4,1.1194601919915943,0.04517955083218703,1.084937334060669,1.1705937484900157,1.1405425369739532,958.3333333333334,1000.0,0.24582674143572433,4.800006866455078
29,1,8,1.0141800343990328,0.042724029262627916,0.966165562470754,1.0480005542437236,1.0615491022666295,908.3333333333334,1000.0,0.22125706790855648,4.860493977864583
29,2,3,0.71719172431363,0.0589224082561189,0.6720194468895594,0.783839742342631,0.8567269742488861,875.0,1000.0,0.4095773513835717,3.6086119016011557
29,2,5,0.6613367630375757,0.00902014984849304,0.6516395409901937,0.6694771846135458,0.7004920318722725,900.0,1000.0,0.29628108125926,2.608557860056559
29,2,6,0.9129535572396384,0.054892707194998384,0.8502776920795441,0.9524775296449661,1.095401202638944,933.3333333333334,1000.0,0.3999665839101498,5.003301938374837
29,2,9,0.834058400657442,0.041889140763351033,0.7926711191733679,0.8764319817225138,0.8727317973971367,908.3333333333334,1000.0,0.24401196494161614,3.394861618677775
29,2,10,0.9456991768545574,0.05398848738141718,0.9046738545099894,1.0068621635437012,1.116954932610194,883.3333333333334,1000.0,0.319339887212369,4.734920024871826
29,2,12,1.0758740040991042,0.05995415393760169,1.0068514943122864,1.1150134801864624,0.9012440840403239,966.6666666666666,1000.0,0.2369033403929611,5.222005049387614
29,3,7,0.6262463869320022,0.11145221893247743,0.4992777109146118,0.7079190065463384,0.7554305742184321,966.6666666666666,1000.0,0.42758514364716543,3.6788934071858725
29,3,11,0.6259062737226486,0.14008998784971072,0.46526596943537396,0.7226953109105428,0.8544718970855077,966.6666666666666,1000.0,0.4134208163557925,3.7921836376190186
29,3,13,0.7413156810734008,0.1236538853417019,0.5996142625808716,0.8273589660724004,0.7143176048994064,816.6666666666666,925.0,0.28619514907757276,2.5457745790481567
29,3,14,0.8708105716440412,0.04813020837215677,0.8279037972291311,0.9228543738524119,0.9045702517032623,941.6666666666666,1000.0,0.3767188469804674,5.057677745819092
29,4,15,0.6782443275054296,0.09918618013659214,0.5919356346130371,0.7865984092156092,0.7428229103485743,991.6666666666666,1000.0,0.41639112570670295,3.793346881866455
30,1,1,0.8675076299243503,0.037879857901717065,0.8239230712254842,0.892489473025004,0.773337667187055,958.3333333333334,1000.0,0.3887115504594754,2.88399600982666
30,1,2,1.0808201432228088,0.08359416599424718,0.9854823549588522,1.141566276550293,1.2653734683990479,958.3333333333334,1000.0,0.4152896966805839,6.261669158935547
30,1,4,1.0222576359907787,0.20330854331055195,0.7875561316808065,1.1441654364267986,1.1362779587507248,975.0,1000.0,0.2777740268184708,5.090689023335774
30,1,8,1.1399403015772502,0.035146288762342076,1.1190076073010762,1.1805169185002644,1.1176956097284954,925.0,1000.0,0.20767116516205367,5.0278496742248535
30,2,3,0.8001886382699013,0.03767633709461855,0.7717275321483612,0.8429144620895386,0.8928515911102295,916.6666666666666,1000.0,0.4729027776074444,3.86702036857605
30,2,5,0.71723499480221,0.04166066918592775,0.6865733390053114,0.7646673570076624,0.763960083325704,950.0,1000.0,0.3278940248817326,2.64285945892334
30,2,6,0.945354628480143,0.06898400998532538,0.8692005115250746,1.003660539786021,1.0810448328653972,975.0,1000.0,0.38828265873327883,5.190473874409993
30,2,9,0.8501179251405927,0.09190674398666174,0.7442381083965302,0.9092986583709717,0.8393233343958855,950.0,1000.0,0.24521735922539004,3.5907349586486816
30,2,10,1.0469592031505373,0.06404126266826562,0.9846032857894897,1.1125622689723969,1.1400304983059566,983.3333333333334,1000.0,0.3425959415683037,5.328355312347412
30,2,12,0.9971058633592395,0.1127328103282735,0.8892185290654501,1.1141282816727955,0.908593495686849,950.0,1000.0,0.2213821802939352,5.101995627085368
30,3,7,0.5759676678313149,0.12522481627557783,0.4869283239046733,0.7191547155380249,0.6981386716167132,858.3333333333334,950.0,0.3905769950081423,3.429429769515991
30,3,11,0.6289689938227335,0.18157214360138557,0.41999971866607666,0.7481955736875534,0.862746665875117,941.6666666666666,1000.0,0.5202526494251086,3.770859718322754
30,3,13,0.7883892522917854,0.06713732135128066,0.7414105435212454,0.8652843236923218,0.7493241056799889,950.0,1000.0,0.3095059417221895,3.0532468954722085
30,3,14,0.9438504858149422,0.031703243729539456,0.9089674204587936,0.9709083835283915,0.982414647936821,933.3333333333334,1000.0,0.368766217913683,5.092698415120442
30,4,15,0.6046803941329321,0.025097205389902583,0.5757530232270559,0.6206524322430292,0.7185181180636088,841.6666666666666,1000.0,0.37954070799549955,3.4438556830088296
